/Users/siddiqui/turns-3/IMG/center_2017_08_25_18_32_45_059.jpg,/Users/siddiqui/turns-3/IMG/left_2017_08_25_18_32_45_059.jpg,/Users/siddiqui/turns-3/IMG/right_2017_08_25_18_32_45_059.jpg,-0.02284788,0.4,0,30.03837
/Users/siddiqui/turns-3/IMG/center_2017_08_25_18_32_45_128.jpg,/Users/siddiqui/turns-3/IMG/left_2017_08_25_18_32_45_128.jpg,/Users/siddiqui/turns-3/IMG/right_2017_08_25_18_32_45_128.jpg,-0.05107607,0.4,0,30.03799
/Users/siddiqui/turns-3/IMG/center_2017_08_25_18_32_45_196.jpg,/Users/siddiqui/turns-3/IMG/left_2017_08_25_18_32_45_196.jpg,/Users/siddiqui/turns-3/IMG/right_2017_08_25_18_32_45_196.jpg,-0.06776975,0.4,0,30.03772
/Users/siddiqui/turns-3/IMG/center_2017_08_25_18_32_45_264.jpg,/Users/siddiqui/turns-3/IMG/left_2017_08_25_18_32_45_264.jpg,/Users/siddiqui/turns-3/IMG/right_2017_08_25_18_32_45_264.jpg,-0.08427919,0.4,0,30.03755
/Users/siddiqui/turns-3/IMG/center_2017_08_25_18_32_45_335.jpg,/Users/siddiqui/turns-3/IMG/left_2017_08_25_18_32_45_335.jpg,/Users/siddiqui/turns-3/IMG/right_2017_08_25_18_32_45_335.jpg,-0.08427919,0.4,0,30.03777
/Users/siddiqui/turns-3/IMG/center_2017_08_25_18_32_45_407.jpg,/Users/siddiqui/turns-3/IMG/left_2017_08_25_18_32_45_407.jpg,/Users/siddiqui/turns-3/IMG/right_2017_08_25_18_32_45_407.jpg,-0.03976268,0.4,0,30.03849
/Users/siddiqui/turns-3/IMG/center_2017_08_25_18_32_45_477.jpg,/Users/siddiqui/turns-3/IMG/left_2017_08_25_18_32_45_477.jpg,/Users/siddiqui/turns-3/IMG/right_2017_08_25_18_32_45_477.jpg,-0.03721993,0.4,0,30.03847
/Users/siddiqui/turns-3/IMG/center_2017_08_25_18_32_45_547.jpg,/Users/siddiqui/turns-3/IMG/left_2017_08_25_18_32_45_547.jpg,/Users/siddiqui/turns-3/IMG/right_2017_08_25_18_32_45_547.jpg,-0.03721993,0.4,0,30.03845
/Users/siddiqui/turns-3/IMG/center_2017_08_25_18_32_45_614.jpg,/Users/siddiqui/turns-3/IMG/left_2017_08_25_18_32_45_614.jpg,/Users/siddiqui/turns-3/IMG/right_2017_08_25_18_32_45_614.jpg,-0.03721993,0.4,0,30.03842
/Users/siddiqui/turns-3/IMG/center_2017_08_25_18_32_45_681.jpg,/Users/siddiqui/turns-3/IMG/left_2017_08_25_18_32_45_681.jpg,/Users/siddiqui/turns-3/IMG/right_2017_08_25_18_32_45_681.jpg,-0.04764888,0.4,0,30.03827
/Users/siddiqui/turns-3/IMG/center_2017_08_25_18_32_45_748.jpg,/Users/siddiqui/turns-3/IMG/left_2017_08_25_18_32_45_748.jpg,/Users/siddiqui/turns-3/IMG/right_2017_08_25_18_32_45_748.jpg,-0.09909346,0.4,0,30.03694
/Users/siddiqui/turns-3/IMG/center_2017_08_25_18_32_45_818.jpg,/Users/siddiqui/turns-3/IMG/left_2017_08_25_18_32_45_818.jpg,/Users/siddiqui/turns-3/IMG/right_2017_08_25_18_32_45_818.jpg,-0.1018573,0.4,0,30.03724
/Users/siddiqui/turns-3/IMG/center_2017_08_25_18_32_45_886.jpg,/Users/siddiqui/turns-3/IMG/left_2017_08_25_18_32_45_886.jpg,/Users/siddiqui/turns-3/IMG/right_2017_08_25_18_32_45_886.jpg,-0.1018573,0.4,0,30.03765
/Users/siddiqui/turns-3/IMG/center_2017_08_25_18_32_45_955.jpg,/Users/siddiqui/turns-3/IMG/left_2017_08_25_18_32_45_955.jpg,/Users/siddiqui/turns-3/IMG/right_2017_08_25_18_32_45_955.jpg,-0.1018573,0.4,0,30.03783
/Users/siddiqui/turns-3/IMG/center_2017_08_25_18_32_46_023.jpg,/Users/siddiqui/turns-3/IMG/left_2017_08_25_18_32_46_023.jpg,/Users/siddiqui/turns-3/IMG/right_2017_08_25_18_32_46_023.jpg,-0.06692217,0.4,0,30.03851
/Users/siddiqui/turns-3/IMG/center_2017_08_25_18_32_46_096.jpg,/Users/siddiqui/turns-3/IMG/left_2017_08_25_18_32_46_096.jpg,/Users/siddiqui/turns-3/IMG/right_2017_08_25_18_32_46_096.jpg,-0.05199735,0.4,0,30.03858
/Users/siddiqui/turns-3/IMG/center_2017_08_25_18_32_46_168.jpg,/Users/siddiqui/turns-3/IMG/left_2017_08_25_18_32_46_168.jpg,/Users/siddiqui/turns-3/IMG/right_2017_08_25_18_32_46_168.jpg,-0.05118661,0.4,0,30.03849
/Users/siddiqui/turns-3/IMG/center_2017_08_25_18_32_46_237.jpg,/Users/siddiqui/turns-3/IMG/left_2017_08_25_18_32_46_237.jpg,/Users/siddiqui/turns-3/IMG/right_2017_08_25_18_32_46_237.jpg,-0.05118661,0.4,0,30.03844
/Users/siddiqui/turns-3/IMG/center_2017_08_25_18_32_46_304.jpg,/Users/siddiqui/turns-3/IMG/left_2017_08_25_18_32_46_304.jpg,/Users/siddiqui/turns-3/IMG/right_2017_08_25_18_32_46_304.jpg,-0.05118661,0.4,0,30.03839
/Users/siddiqui/turns-3/IMG/center_2017_08_25_18_32_46_373.jpg,/Users/siddiqui/turns-3/IMG/left_2017_08_25_18_32_46_373.jpg,/Users/siddiqui/turns-3/IMG/right_2017_08_25_18_32_46_373.jpg,-0.05118661,0.4,0,30.03835
/Users/siddiqui/turns-3/IMG/center_2017_08_25_18_32_46_444.jpg,/Users/siddiqui/turns-3/IMG/left_2017_08_25_18_32_46_444.jpg,/Users/siddiqui/turns-3/IMG/right_2017_08_25_18_32_46_444.jpg,-0.07484522,0.4,0,30.03789
/Users/siddiqui/turns-3/IMG/center_2017_08_25_18_32_46_516.jpg,/Users/siddiqui/turns-3/IMG/left_2017_08_25_18_32_46_516.jpg,/Users/siddiqui/turns-3/IMG/right_2017_08_25_18_32_46_516.jpg,-0.08567954,0.4,0,30.03776
/Users/siddiqui/turns-3/IMG/center_2017_08_25_18_32_46_585.jpg,/Users/siddiqui/turns-3/IMG/left_2017_08_25_18_32_46_585.jpg,/Users/siddiqui/turns-3/IMG/right_2017_08_25_18_32_46_585.jpg,-0.07598761,0.4,0,30.03817
/Users/siddiqui/turns-3/IMG/center_2017_08_25_18_32_46_652.jpg,/Users/siddiqui/turns-3/IMG/left_2017_08_25_18_32_46_652.jpg,/Users/siddiqui/turns-3/IMG/right_2017_08_25_18_32_46_652.jpg,-0.03854658,0.4,0,30.03854
/Users/siddiqui/turns-3/IMG/center_2017_08_25_18_32_46_721.jpg,/Users/siddiqui/turns-3/IMG/left_2017_08_25_18_32_46_721.jpg,/Users/siddiqui/turns-3/IMG/right_2017_08_25_18_32_46_721.jpg,-0.02163178,0.4,0,30.03849
/Users/siddiqui/turns-3/IMG/center_2017_08_25_18_32_46_790.jpg,/Users/siddiqui/turns-3/IMG/left_2017_08_25_18_32_46_790.jpg,/Users/siddiqui/turns-3/IMG/right_2017_08_25_18_32_46_790.jpg,-0.01908903,0.4,0,30.03848
/Users/siddiqui/turns-3/IMG/center_2017_08_25_18_32_46_861.jpg,/Users/siddiqui/turns-3/IMG/left_2017_08_25_18_32_46_861.jpg,/Users/siddiqui/turns-3/IMG/right_2017_08_25_18_32_46_861.jpg,-0.01908903,0.4,0,30.03841
/Users/siddiqui/turns-3/IMG/center_2017_08_25_18_32_46_930.jpg,/Users/siddiqui/turns-3/IMG/left_2017_08_25_18_32_46_930.jpg,/Users/siddiqui/turns-3/IMG/right_2017_08_25_18_32_46_930.jpg,-0.01908903,0.4,0,30.0384
/Users/siddiqui/turns-3/IMG/center_2017_08_25_18_32_46_998.jpg,/Users/siddiqui/turns-3/IMG/left_2017_08_25_18_32_46_998.jpg,/Users/siddiqui/turns-3/IMG/right_2017_08_25_18_32_46_998.jpg,-0.01908903,0.4,0,30.03853
/Users/siddiqui/turns-3/IMG/center_2017_08_25_18_32_47_069.jpg,/Users/siddiqui/turns-3/IMG/left_2017_08_25_18_32_47_069.jpg,/Users/siddiqui/turns-3/IMG/right_2017_08_25_18_32_47_069.jpg,-0.01908903,0.4,0,30.03837
/Users/siddiqui/turns-3/IMG/center_2017_08_25_18_32_47_138.jpg,/Users/siddiqui/turns-3/IMG/left_2017_08_25_18_32_47_138.jpg,/Users/siddiqui/turns-3/IMG/right_2017_08_25_18_32_47_138.jpg,-0.01908903,0.4,0,30.03839
/Users/siddiqui/turns-3/IMG/center_2017_08_25_18_32_47_208.jpg,/Users/siddiqui/turns-3/IMG/left_2017_08_25_18_32_47_208.jpg,/Users/siddiqui/turns-3/IMG/right_2017_08_25_18_32_47_208.jpg,-0.01908903,0.4,0,30.03836
/Users/siddiqui/turns-3/IMG/center_2017_08_25_18_32_47_275.jpg,/Users/siddiqui/turns-3/IMG/left_2017_08_25_18_32_47_275.jpg,/Users/siddiqui/turns-3/IMG/right_2017_08_25_18_32_47_275.jpg,-0.01908903,0.4,0,30.03837
/Users/siddiqui/turns-3/IMG/center_2017_08_25_18_32_47_346.jpg,/Users/siddiqui/turns-3/IMG/left_2017_08_25_18_32_47_346.jpg,/Users/siddiqui/turns-3/IMG/right_2017_08_25_18_32_47_346.jpg,-0.04344782,0.4,0,30.03812
/Users/siddiqui/turns-3/IMG/center_2017_08_25_18_32_47_417.jpg,/Users/siddiqui/turns-3/IMG/left_2017_08_25_18_32_47_417.jpg,/Users/siddiqui/turns-3/IMG/right_2017_08_25_18_32_47_417.jpg,-0.1053582,0.4,0,30.03604
/Users/siddiqui/turns-3/IMG/center_2017_08_25_18_32_47_486.jpg,/Users/siddiqui/turns-3/IMG/left_2017_08_25_18_32_47_486.jpg,/Users/siddiqui/turns-3/IMG/right_2017_08_25_18_32_47_486.jpg,-0.116082,0.4,0,30.03665
/Users/siddiqui/turns-3/IMG/center_2017_08_25_18_32_47_557.jpg,/Users/siddiqui/turns-3/IMG/left_2017_08_25_18_32_47_557.jpg,/Users/siddiqui/turns-3/IMG/right_2017_08_25_18_32_47_557.jpg,-0.1177771,0.4,0,30.03713
/Users/siddiqui/turns-3/IMG/center_2017_08_25_18_32_47_630.jpg,/Users/siddiqui/turns-3/IMG/left_2017_08_25_18_32_47_630.jpg,/Users/siddiqui/turns-3/IMG/right_2017_08_25_18_32_47_630.jpg,-0.1169664,0.4,0,30.03757
/Users/siddiqui/turns-3/IMG/center_2017_08_25_18_32_47_700.jpg,/Users/siddiqui/turns-3/IMG/left_2017_08_25_18_32_47_700.jpg,/Users/siddiqui/turns-3/IMG/right_2017_08_25_18_32_47_700.jpg,-0.08450029,0.4,0,30.03869
/Users/siddiqui/turns-3/IMG/center_2017_08_25_18_32_47_769.jpg,/Users/siddiqui/turns-3/IMG/left_2017_08_25_18_32_47_769.jpg,/Users/siddiqui/turns-3/IMG/right_2017_08_25_18_32_47_769.jpg,-0.05785672,0.4,0,30.0386
/Users/siddiqui/turns-3/IMG/center_2017_08_25_18_32_47_837.jpg,/Users/siddiqui/turns-3/IMG/left_2017_08_25_18_32_47_837.jpg,/Users/siddiqui/turns-3/IMG/right_2017_08_25_18_32_47_837.jpg,-0.05785672,0.4,0,30.03853
/Users/siddiqui/turns-3/IMG/center_2017_08_25_18_32_47_906.jpg,/Users/siddiqui/turns-3/IMG/left_2017_08_25_18_32_47_906.jpg,/Users/siddiqui/turns-3/IMG/right_2017_08_25_18_32_47_906.jpg,-0.05450325,0.4,0,30.03865
/Users/siddiqui/turns-3/IMG/center_2017_08_25_18_32_47_974.jpg,/Users/siddiqui/turns-3/IMG/left_2017_08_25_18_32_47_974.jpg,/Users/siddiqui/turns-3/IMG/right_2017_08_25_18_32_47_974.jpg,-0.05450325,0.4,0,30.03844
/Users/siddiqui/turns-3/IMG/center_2017_08_25_18_32_48_042.jpg,/Users/siddiqui/turns-3/IMG/left_2017_08_25_18_32_48_042.jpg,/Users/siddiqui/turns-3/IMG/right_2017_08_25_18_32_48_042.jpg,-0.05450325,0.4,0,30.03839
/Users/siddiqui/turns-3/IMG/center_2017_08_25_18_32_48_113.jpg,/Users/siddiqui/turns-3/IMG/left_2017_08_25_18_32_48_113.jpg,/Users/siddiqui/turns-3/IMG/right_2017_08_25_18_32_48_113.jpg,-0.05450325,0.4,0,30.03835
/Users/siddiqui/turns-3/IMG/center_2017_08_25_18_32_48_183.jpg,/Users/siddiqui/turns-3/IMG/left_2017_08_25_18_32_48_183.jpg,/Users/siddiqui/turns-3/IMG/right_2017_08_25_18_32_48_183.jpg,-0.08435288,0.4,0,30.03773
/Users/siddiqui/turns-3/IMG/center_2017_08_25_18_32_48_254.jpg,/Users/siddiqui/turns-3/IMG/left_2017_08_25_18_32_48_254.jpg,/Users/siddiqui/turns-3/IMG/right_2017_08_25_18_32_48_254.jpg,-0.1065743,0.4,0,30.0372
/Users/siddiqui/turns-3/IMG/center_2017_08_25_18_32_48_323.jpg,/Users/siddiqui/turns-3/IMG/left_2017_08_25_18_32_48_323.jpg,/Users/siddiqui/turns-3/IMG/right_2017_08_25_18_32_48_323.jpg,-0.1281324,0.4,0,30.03675
/Users/siddiqui/turns-3/IMG/center_2017_08_25_18_32_48_390.jpg,/Users/siddiqui/turns-3/IMG/left_2017_08_25_18_32_48_390.jpg,/Users/siddiqui/turns-3/IMG/right_2017_08_25_18_32_48_390.jpg,-0.12898,0.4,0,30.03713
/Users/siddiqui/turns-3/IMG/center_2017_08_25_18_32_48_459.jpg,/Users/siddiqui/turns-3/IMG/left_2017_08_25_18_32_48_459.jpg,/Users/siddiqui/turns-3/IMG/right_2017_08_25_18_32_48_459.jpg,-0.1108491,0.4,0,30.03808
/Users/siddiqui/turns-3/IMG/center_2017_08_25_18_32_48_527.jpg,/Users/siddiqui/turns-3/IMG/left_2017_08_25_18_32_48_527.jpg,/Users/siddiqui/turns-3/IMG/right_2017_08_25_18_32_48_527.jpg,-0.08354215,0.4,0,30.03856
/Users/siddiqui/turns-3/IMG/center_2017_08_25_18_32_48_597.jpg,/Users/siddiqui/turns-3/IMG/left_2017_08_25_18_32_48_597.jpg,/Users/siddiqui/turns-3/IMG/right_2017_08_25_18_32_48_597.jpg,-0.06334759,0.4,0,30.0387
/Users/siddiqui/turns-3/IMG/center_2017_08_25_18_32_48_665.jpg,/Users/siddiqui/turns-3/IMG/left_2017_08_25_18_32_48_665.jpg,/Users/siddiqui/turns-3/IMG/right_2017_08_25_18_32_48_665.jpg,-0.05465065,0.4,0,30.03859
/Users/siddiqui/turns-3/IMG/center_2017_08_25_18_32_48_734.jpg,/Users/siddiqui/turns-3/IMG/left_2017_08_25_18_32_48_734.jpg,/Users/siddiqui/turns-3/IMG/right_2017_08_25_18_32_48_734.jpg,-0.04156839,0.4,0,30.03852
/Users/siddiqui/turns-3/IMG/center_2017_08_25_18_32_48_805.jpg,/Users/siddiqui/turns-3/IMG/left_2017_08_25_18_32_48_805.jpg,/Users/siddiqui/turns-3/IMG/right_2017_08_25_18_32_48_805.jpg,-0.04156839,0.4,0,30.03849
/Users/siddiqui/turns-3/IMG/center_2017_08_25_18_32_48_872.jpg,/Users/siddiqui/turns-3/IMG/left_2017_08_25_18_32_48_872.jpg,/Users/siddiqui/turns-3/IMG/right_2017_08_25_18_32_48_872.jpg,-0.03994693,0.4,0,30.03844
/Users/siddiqui/turns-3/IMG/center_2017_08_25_18_32_48_941.jpg,/Users/siddiqui/turns-3/IMG/left_2017_08_25_18_32_48_941.jpg,/Users/siddiqui/turns-3/IMG/right_2017_08_25_18_32_48_941.jpg,-0.03994693,0.4,0,30.03841
/Users/siddiqui/turns-3/IMG/center_2017_08_25_18_32_49_008.jpg,/Users/siddiqui/turns-3/IMG/left_2017_08_25_18_32_49_008.jpg,/Users/siddiqui/turns-3/IMG/right_2017_08_25_18_32_49_008.jpg,-0.03994693,0.4,0,30.03837
/Users/siddiqui/turns-3/IMG/center_2017_08_25_18_32_49_079.jpg,/Users/siddiqui/turns-3/IMG/left_2017_08_25_18_32_49_079.jpg,/Users/siddiqui/turns-3/IMG/right_2017_08_25_18_32_49_079.jpg,-0.03994693,0.4,0,30.03837
/Users/siddiqui/turns-3/IMG/center_2017_08_25_18_32_49_150.jpg,/Users/siddiqui/turns-3/IMG/left_2017_08_25_18_32_49_150.jpg,/Users/siddiqui/turns-3/IMG/right_2017_08_25_18_32_49_150.jpg,-0.05947818,0.4,0,30.03807
/Users/siddiqui/turns-3/IMG/center_2017_08_25_18_32_49_220.jpg,/Users/siddiqui/turns-3/IMG/left_2017_08_25_18_32_49_220.jpg,/Users/siddiqui/turns-3/IMG/right_2017_08_25_18_32_49_220.jpg,-0.06563237,0.4,0,30.03803
/Users/siddiqui/turns-3/IMG/center_2017_08_25_18_32_49_287.jpg,/Users/siddiqui/turns-3/IMG/left_2017_08_25_18_32_49_287.jpg,/Users/siddiqui/turns-3/IMG/right_2017_08_25_18_32_49_287.jpg,-0.08597435,0.4,0,30.03764
/Users/siddiqui/turns-3/IMG/center_2017_08_25_18_32_49_355.jpg,/Users/siddiqui/turns-3/IMG/left_2017_08_25_18_32_49_355.jpg,/Users/siddiqui/turns-3/IMG/right_2017_08_25_18_32_49_355.jpg,-0.09297612,0.4,0,30.03752
/Users/siddiqui/turns-3/IMG/center_2017_08_25_18_32_49_423.jpg,/Users/siddiqui/turns-3/IMG/left_2017_08_25_18_32_49_423.jpg,/Users/siddiqui/turns-3/IMG/right_2017_08_25_18_32_49_423.jpg,-0.1018942,0.4,0,30.03762
/Users/siddiqui/turns-3/IMG/center_2017_08_25_18_32_49_494.jpg,/Users/siddiqui/turns-3/IMG/left_2017_08_25_18_32_49_494.jpg,/Users/siddiqui/turns-3/IMG/right_2017_08_25_18_32_49_494.jpg,-0.1027417,0.4,0,30.03777
/Users/siddiqui/turns-3/IMG/center_2017_08_25_18_32_49_565.jpg,/Users/siddiqui/turns-3/IMG/left_2017_08_25_18_32_49_565.jpg,/Users/siddiqui/turns-3/IMG/right_2017_08_25_18_32_49_565.jpg,-0.0975457,0.4,0,30.03805
/Users/siddiqui/turns-3/IMG/center_2017_08_25_18_32_49_633.jpg,/Users/siddiqui/turns-3/IMG/left_2017_08_25_18_32_49_633.jpg,/Users/siddiqui/turns-3/IMG/right_2017_08_25_18_32_49_633.jpg,-0.06957547,0.4,0,30.03856
/Users/siddiqui/turns-3/IMG/center_2017_08_25_18_32_49_702.jpg,/Users/siddiqui/turns-3/IMG/left_2017_08_25_18_32_49_702.jpg,/Users/siddiqui/turns-3/IMG/right_2017_08_25_18_32_49_702.jpg,-0.05881486,0.4,0,30.03857
/Users/siddiqui/turns-3/IMG/center_2017_08_25_18_32_49_769.jpg,/Users/siddiqui/turns-3/IMG/left_2017_08_25_18_32_49_769.jpg,/Users/siddiqui/turns-3/IMG/right_2017_08_25_18_32_49_769.jpg,-0.05719339,0.4,0,30.03849
/Users/siddiqui/turns-3/IMG/center_2017_08_25_18_32_49_841.jpg,/Users/siddiqui/turns-3/IMG/left_2017_08_25_18_32_49_841.jpg,/Users/siddiqui/turns-3/IMG/right_2017_08_25_18_32_49_841.jpg,-0.05719339,0.4,0,30.03843
/Users/siddiqui/turns-3/IMG/center_2017_08_25_18_32_49_910.jpg,/Users/siddiqui/turns-3/IMG/left_2017_08_25_18_32_49_910.jpg,/Users/siddiqui/turns-3/IMG/right_2017_08_25_18_32_49_910.jpg,-0.07771964,0.4,0,30.03802
/Users/siddiqui/turns-3/IMG/center_2017_08_25_18_32_49_977.jpg,/Users/siddiqui/turns-3/IMG/left_2017_08_25_18_32_49_977.jpg,/Users/siddiqui/turns-3/IMG/right_2017_08_25_18_32_49_977.jpg,-0.08217865,0.4,0,30.03797
/Users/siddiqui/turns-3/IMG/center_2017_08_25_18_32_50_047.jpg,/Users/siddiqui/turns-3/IMG/left_2017_08_25_18_32_50_047.jpg,/Users/siddiqui/turns-3/IMG/right_2017_08_25_18_32_50_047.jpg,-0.09179688,0.4,0,30.03772
/Users/siddiqui/turns-3/IMG/center_2017_08_25_18_32_50_115.jpg,/Users/siddiqui/turns-3/IMG/left_2017_08_25_18_32_50_115.jpg,/Users/siddiqui/turns-3/IMG/right_2017_08_25_18_32_50_115.jpg,-0.1046949,0.4,0,30.03764
/Users/siddiqui/turns-3/IMG/center_2017_08_25_18_32_50_184.jpg,/Users/siddiqui/turns-3/IMG/left_2017_08_25_18_32_50_184.jpg,/Users/siddiqui/turns-3/IMG/right_2017_08_25_18_32_50_184.jpg,-0.125,0.4,0,30.03715
/Users/siddiqui/turns-3/IMG/center_2017_08_25_18_32_50_254.jpg,/Users/siddiqui/turns-3/IMG/left_2017_08_25_18_32_50_254.jpg,/Users/siddiqui/turns-3/IMG/right_2017_08_25_18_32_50_254.jpg,-0.1377506,0.4,0,30.03694
/Users/siddiqui/turns-3/IMG/center_2017_08_25_18_32_50_322.jpg,/Users/siddiqui/turns-3/IMG/left_2017_08_25_18_32_50_322.jpg,/Users/siddiqui/turns-3/IMG/right_2017_08_25_18_32_50_322.jpg,-0.1488429,0.4,0,30.03677
/Users/siddiqui/turns-3/IMG/center_2017_08_25_18_32_50_390.jpg,/Users/siddiqui/turns-3/IMG/left_2017_08_25_18_32_50_390.jpg,/Users/siddiqui/turns-3/IMG/right_2017_08_25_18_32_50_390.jpg,-0.150538,0.4,0,30.03719
/Users/siddiqui/turns-3/IMG/center_2017_08_25_18_32_50_457.jpg,/Users/siddiqui/turns-3/IMG/left_2017_08_25_18_32_50_457.jpg,/Users/siddiqui/turns-3/IMG/right_2017_08_25_18_32_50_457.jpg,-0.150538,0.4,0,30.03743
/Users/siddiqui/turns-3/IMG/center_2017_08_25_18_32_50_525.jpg,/Users/siddiqui/turns-3/IMG/left_2017_08_25_18_32_50_525.jpg,/Users/siddiqui/turns-3/IMG/right_2017_08_25_18_32_50_525.jpg,-0.1109228,0.4,0,30.0387
/Users/siddiqui/turns-3/IMG/center_2017_08_25_18_32_50_593.jpg,/Users/siddiqui/turns-3/IMG/left_2017_08_25_18_32_50_593.jpg,/Users/siddiqui/turns-3/IMG/right_2017_08_25_18_32_50_593.jpg,-0.06205778,0.4,0,30.03899
/Users/siddiqui/turns-3/IMG/center_2017_08_25_18_32_50_661.jpg,/Users/siddiqui/turns-3/IMG/left_2017_08_25_18_32_50_661.jpg,/Users/siddiqui/turns-3/IMG/right_2017_08_25_18_32_50_661.jpg,-0.05490861,0.4,0,30.03879
/Users/siddiqui/turns-3/IMG/center_2017_08_25_18_32_50_730.jpg,/Users/siddiqui/turns-3/IMG/left_2017_08_25_18_32_50_730.jpg,/Users/siddiqui/turns-3/IMG/right_2017_08_25_18_32_50_730.jpg,-0.04610112,0.4,0,30.03867
/Users/siddiqui/turns-3/IMG/center_2017_08_25_18_32_50_797.jpg,/Users/siddiqui/turns-3/IMG/left_2017_08_25_18_32_50_797.jpg,/Users/siddiqui/turns-3/IMG/right_2017_08_25_18_32_50_797.jpg,-0.04529039,0.4,0,30.03851
/Users/siddiqui/turns-3/IMG/center_2017_08_25_18_32_50_867.jpg,/Users/siddiqui/turns-3/IMG/left_2017_08_25_18_32_50_867.jpg,/Users/siddiqui/turns-3/IMG/right_2017_08_25_18_32_50_867.jpg,-0.04529039,0.4,0,30.03847
/Users/siddiqui/turns-3/IMG/center_2017_08_25_18_32_50_935.jpg,/Users/siddiqui/turns-3/IMG/left_2017_08_25_18_32_50_935.jpg,/Users/siddiqui/turns-3/IMG/right_2017_08_25_18_32_50_935.jpg,-0.04529039,0.4,0,30.03843
/Users/siddiqui/turns-3/IMG/center_2017_08_25_18_32_51_003.jpg,/Users/siddiqui/turns-3/IMG/left_2017_08_25_18_32_51_003.jpg,/Users/siddiqui/turns-3/IMG/right_2017_08_25_18_32_51_003.jpg,-0.06154186,0.4,0,30.03816
/Users/siddiqui/turns-3/IMG/center_2017_08_25_18_32_51_070.jpg,/Users/siddiqui/turns-3/IMG/left_2017_08_25_18_32_51_070.jpg,/Users/siddiqui/turns-3/IMG/right_2017_08_25_18_32_51_070.jpg,-0.08534787,0.4,0,30.03764
/Users/siddiqui/turns-3/IMG/center_2017_08_25_18_32_51_140.jpg,/Users/siddiqui/turns-3/IMG/left_2017_08_25_18_32_51_140.jpg,/Users/siddiqui/turns-3/IMG/right_2017_08_25_18_32_51_140.jpg,-0.0964033,0.4,0,30.03754
/Users/siddiqui/turns-3/IMG/center_2017_08_25_18_32_51_209.jpg,/Users/siddiqui/turns-3/IMG/left_2017_08_25_18_32_51_209.jpg,/Users/siddiqui/turns-3/IMG/right_2017_08_25_18_32_51_209.jpg,-0.1180351,0.4,0,30.03709
/Users/siddiqui/turns-3/IMG/center_2017_08_25_18_32_51_277.jpg,/Users/siddiqui/turns-3/IMG/left_2017_08_25_18_32_51_277.jpg,/Users/siddiqui/turns-3/IMG/right_2017_08_25_18_32_51_277.jpg,-0.129717,0.4,0,30.03699
/Users/siddiqui/turns-3/IMG/center_2017_08_25_18_32_51_348.jpg,/Users/siddiqui/turns-3/IMG/left_2017_08_25_18_32_51_348.jpg,/Users/siddiqui/turns-3/IMG/right_2017_08_25_18_32_51_348.jpg,-0.1332179,0.4,0,30.03727
/Users/siddiqui/turns-3/IMG/center_2017_08_25_18_32_51_415.jpg,/Users/siddiqui/turns-3/IMG/left_2017_08_25_18_32_51_415.jpg,/Users/siddiqui/turns-3/IMG/right_2017_08_25_18_32_51_415.jpg,-0.1332179,0.4,0,30.03753
/Users/siddiqui/turns-3/IMG/center_2017_08_25_18_32_51_486.jpg,/Users/siddiqui/turns-3/IMG/left_2017_08_25_18_32_51_486.jpg,/Users/siddiqui/turns-3/IMG/right_2017_08_25_18_32_51_486.jpg,-0.1332179,0.4,0,30.03773
/Users/siddiqui/turns-3/IMG/center_2017_08_25_18_32_51_557.jpg,/Users/siddiqui/turns-3/IMG/left_2017_08_25_18_32_51_557.jpg,/Users/siddiqui/turns-3/IMG/right_2017_08_25_18_32_51_557.jpg,-0.1332179,0.4,0,30.03779
/Users/siddiqui/turns-3/IMG/center_2017_08_25_18_32_51_628.jpg,/Users/siddiqui/turns-3/IMG/left_2017_08_25_18_32_51_628.jpg,/Users/siddiqui/turns-3/IMG/right_2017_08_25_18_32_51_628.jpg,-0.1023364,0.4,0,30.03863
/Users/siddiqui/turns-3/IMG/center_2017_08_25_18_32_51_698.jpg,/Users/siddiqui/turns-3/IMG/left_2017_08_25_18_32_51_698.jpg,/Users/siddiqui/turns-3/IMG/right_2017_08_25_18_32_51_698.jpg,-0.06920696,0.4,0,30.03883
/Users/siddiqui/turns-3/IMG/center_2017_08_25_18_32_51_767.jpg,/Users/siddiqui/turns-3/IMG/left_2017_08_25_18_32_51_767.jpg,/Users/siddiqui/turns-3/IMG/right_2017_08_25_18_32_51_767.jpg,-0.06555866,0.4,0,30.03869
/Users/siddiqui/turns-3/IMG/center_2017_08_25_18_32_51_836.jpg,/Users/siddiqui/turns-3/IMG/left_2017_08_25_18_32_51_836.jpg,/Users/siddiqui/turns-3/IMG/right_2017_08_25_18_32_51_836.jpg,-0.0728184,0.4,0,30.03847
/Users/siddiqui/turns-3/IMG/center_2017_08_25_18_32_51_904.jpg,/Users/siddiqui/turns-3/IMG/left_2017_08_25_18_32_51_904.jpg,/Users/siddiqui/turns-3/IMG/right_2017_08_25_18_32_51_904.jpg,-0.1090065,0.4,0,30.03757
/Users/siddiqui/turns-3/IMG/center_2017_08_25_18_32_51_974.jpg,/Users/siddiqui/turns-3/IMG/left_2017_08_25_18_32_51_974.jpg,/Users/siddiqui/turns-3/IMG/right_2017_08_25_18_32_51_974.jpg,-0.1237102,0.4,0,30.0372
/Users/siddiqui/turns-3/IMG/center_2017_08_25_18_32_52_041.jpg,/Users/siddiqui/turns-3/IMG/left_2017_08_25_18_32_52_041.jpg,/Users/siddiqui/turns-3/IMG/right_2017_08_25_18_32_52_041.jpg,-0.1336232,0.4,0,30.03706
/Users/siddiqui/turns-3/IMG/center_2017_08_25_18_32_52_110.jpg,/Users/siddiqui/turns-3/IMG/left_2017_08_25_18_32_52_110.jpg,/Users/siddiqui/turns-3/IMG/right_2017_08_25_18_32_52_110.jpg,-0.148069,0.4,0,30.03689
/Users/siddiqui/turns-3/IMG/center_2017_08_25_18_32_52_179.jpg,/Users/siddiqui/turns-3/IMG/left_2017_08_25_18_32_52_179.jpg,/Users/siddiqui/turns-3/IMG/right_2017_08_25_18_32_52_179.jpg,-0.1524543,0.4,0,30.03701
/Users/siddiqui/turns-3/IMG/center_2017_08_25_18_32_52_250.jpg,/Users/siddiqui/turns-3/IMG/left_2017_08_25_18_32_52_250.jpg,/Users/siddiqui/turns-3/IMG/right_2017_08_25_18_32_52_250.jpg,-0.1524543,0.4,0,30.03737
/Users/siddiqui/turns-3/IMG/center_2017_08_25_18_32_52_317.jpg,/Users/siddiqui/turns-3/IMG/left_2017_08_25_18_32_52_317.jpg,/Users/siddiqui/turns-3/IMG/right_2017_08_25_18_32_52_317.jpg,-0.1524543,0.4,0,30.03764
/Users/siddiqui/turns-3/IMG/center_2017_08_25_18_32_52_388.jpg,/Users/siddiqui/turns-3/IMG/left_2017_08_25_18_32_52_388.jpg,/Users/siddiqui/turns-3/IMG/right_2017_08_25_18_32_52_388.jpg,-0.1152712,0.4,0,30.03874
/Users/siddiqui/turns-3/IMG/center_2017_08_25_18_32_52_456.jpg,/Users/siddiqui/turns-3/IMG/left_2017_08_25_18_32_52_456.jpg,/Users/siddiqui/turns-3/IMG/right_2017_08_25_18_32_52_456.jpg,-0.07720371,0.4,0,30.039
/Users/siddiqui/turns-3/IMG/center_2017_08_25_18_32_52_525.jpg,/Users/siddiqui/turns-3/IMG/left_2017_08_25_18_32_52_525.jpg,/Users/siddiqui/turns-3/IMG/right_2017_08_25_18_32_52_525.jpg,-0.06692217,0.4,0,30.03877
/Users/siddiqui/turns-3/IMG/center_2017_08_25_18_32_52_596.jpg,/Users/siddiqui/turns-3/IMG/left_2017_08_25_18_32_52_596.jpg,/Users/siddiqui/turns-3/IMG/right_2017_08_25_18_32_52_596.jpg,-0.06445313,0.4,0,30.03865
/Users/siddiqui/turns-3/IMG/center_2017_08_25_18_32_52_664.jpg,/Users/siddiqui/turns-3/IMG/left_2017_08_25_18_32_52_664.jpg,/Users/siddiqui/turns-3/IMG/right_2017_08_25_18_32_52_664.jpg,-0.06445313,0.4,0,30.03852
/Users/siddiqui/turns-3/IMG/center_2017_08_25_18_32_52_733.jpg,/Users/siddiqui/turns-3/IMG/left_2017_08_25_18_32_52_733.jpg,/Users/siddiqui/turns-3/IMG/right_2017_08_25_18_32_52_733.jpg,-0.07027565,0.4,0,30.03835
/Users/siddiqui/turns-3/IMG/center_2017_08_25_18_32_52_803.jpg,/Users/siddiqui/turns-3/IMG/left_2017_08_25_18_32_52_803.jpg,/Users/siddiqui/turns-3/IMG/right_2017_08_25_18_32_52_803.jpg,-0.1152712,0.4,0,30.0371
/Users/siddiqui/turns-3/IMG/center_2017_08_25_18_32_52_922.jpg,/Users/siddiqui/turns-3/IMG/left_2017_08_25_18_32_52_922.jpg,/Users/siddiqui/turns-3/IMG/right_2017_08_25_18_32_52_922.jpg,-0.1674528,0.4,0,30.03546
/Users/siddiqui/turns-3/IMG/center_2017_08_25_18_32_52_995.jpg,/Users/siddiqui/turns-3/IMG/left_2017_08_25_18_32_52_995.jpg,/Users/siddiqui/turns-3/IMG/right_2017_08_25_18_32_52_995.jpg,-0.1866893,0.4,0,30.03534
/Users/siddiqui/turns-3/IMG/center_2017_08_25_18_32_53_066.jpg,/Users/siddiqui/turns-3/IMG/left_2017_08_25_18_32_53_066.jpg,/Users/siddiqui/turns-3/IMG/right_2017_08_25_18_32_53_066.jpg,-0.1910746,0.4,0,30.03618
/Users/siddiqui/turns-3/IMG/center_2017_08_25_18_32_53_134.jpg,/Users/siddiqui/turns-3/IMG/left_2017_08_25_18_32_53_134.jpg,/Users/siddiqui/turns-3/IMG/right_2017_08_25_18_32_53_134.jpg,-0.1910746,0.4,0,30.03668
/Users/siddiqui/turns-3/IMG/center_2017_08_25_18_32_53_201.jpg,/Users/siddiqui/turns-3/IMG/left_2017_08_25_18_32_53_201.jpg,/Users/siddiqui/turns-3/IMG/right_2017_08_25_18_32_53_201.jpg,-0.1910746,0.4,0,30.03696
/Users/siddiqui/turns-3/IMG/center_2017_08_25_18_32_53_270.jpg,/Users/siddiqui/turns-3/IMG/left_2017_08_25_18_32_53_270.jpg,/Users/siddiqui/turns-3/IMG/right_2017_08_25_18_32_53_270.jpg,-0.118809,0.4,0,30.03935
/Users/siddiqui/turns-3/IMG/center_2017_08_25_18_32_53_340.jpg,/Users/siddiqui/turns-3/IMG/left_2017_08_25_18_32_53_340.jpg,/Users/siddiqui/turns-3/IMG/right_2017_08_25_18_32_53_340.jpg,-0.0886645,0.4,0,30.03924
/Users/siddiqui/turns-3/IMG/center_2017_08_25_18_32_53_412.jpg,/Users/siddiqui/turns-3/IMG/left_2017_08_25_18_32_53_412.jpg,/Users/siddiqui/turns-3/IMG/right_2017_08_25_18_32_53_412.jpg,-0.0754717,0.4,0,30.03898
/Users/siddiqui/turns-3/IMG/center_2017_08_25_18_32_53_484.jpg,/Users/siddiqui/turns-3/IMG/left_2017_08_25_18_32_53_484.jpg,/Users/siddiqui/turns-3/IMG/right_2017_08_25_18_32_53_484.jpg,-0.07466096,0.4,0,30.03881
/Users/siddiqui/turns-3/IMG/center_2017_08_25_18_32_53_553.jpg,/Users/siddiqui/turns-3/IMG/left_2017_08_25_18_32_53_553.jpg,/Users/siddiqui/turns-3/IMG/right_2017_08_25_18_32_53_553.jpg,-0.07466096,0.4,0,30.03858
/Users/siddiqui/turns-3/IMG/center_2017_08_25_18_32_53_623.jpg,/Users/siddiqui/turns-3/IMG/left_2017_08_25_18_32_53_623.jpg,/Users/siddiqui/turns-3/IMG/right_2017_08_25_18_32_53_623.jpg,-0.07466096,0.4,0,30.03845
/Users/siddiqui/turns-3/IMG/center_2017_08_25_18_32_53_693.jpg,/Users/siddiqui/turns-3/IMG/left_2017_08_25_18_32_53_693.jpg,/Users/siddiqui/turns-3/IMG/right_2017_08_25_18_32_53_693.jpg,-0.07466096,0.4,0,30.03825
/Users/siddiqui/turns-3/IMG/center_2017_08_25_18_32_53_765.jpg,/Users/siddiqui/turns-3/IMG/left_2017_08_25_18_32_53_765.jpg,/Users/siddiqui/turns-3/IMG/right_2017_08_25_18_32_53_765.jpg,-0.07727741,0.4,0,30.03827
/Users/siddiqui/turns-3/IMG/center_2017_08_25_18_32_53_832.jpg,/Users/siddiqui/turns-3/IMG/left_2017_08_25_18_32_53_832.jpg,/Users/siddiqui/turns-3/IMG/right_2017_08_25_18_32_53_832.jpg,-0.07727741,0.4,0,30.03824
/Users/siddiqui/turns-3/IMG/center_2017_08_25_18_32_53_902.jpg,/Users/siddiqui/turns-3/IMG/left_2017_08_25_18_32_53_902.jpg,/Users/siddiqui/turns-3/IMG/right_2017_08_25_18_32_53_902.jpg,-0.07731427,0.4,0,30.03827
/Users/siddiqui/turns-3/IMG/center_2017_08_25_18_32_53_971.jpg,/Users/siddiqui/turns-3/IMG/left_2017_08_25_18_32_53_971.jpg,/Users/siddiqui/turns-3/IMG/right_2017_08_25_18_32_53_971.jpg,-0.05781987,0.4,0,30.0385
/Users/siddiqui/turns-3/IMG/center_2017_08_25_18_32_54_038.jpg,/Users/siddiqui/turns-3/IMG/left_2017_08_25_18_32_54_038.jpg,/Users/siddiqui/turns-3/IMG/right_2017_08_25_18_32_54_038.jpg,-0.05527712,0.4,0,30.03847
/Users/siddiqui/turns-3/IMG/center_2017_08_25_18_32_54_111.jpg,/Users/siddiqui/turns-3/IMG/left_2017_08_25_18_32_54_111.jpg,/Users/siddiqui/turns-3/IMG/right_2017_08_25_18_32_54_111.jpg,-0.04348467,0.4,0,30.03848
/Users/siddiqui/turns-3/IMG/center_2017_08_25_18_32_54_179.jpg,/Users/siddiqui/turns-3/IMG/left_2017_08_25_18_32_54_179.jpg,/Users/siddiqui/turns-3/IMG/right_2017_08_25_18_32_54_179.jpg,-0.04267393,0.4,0,30.03825
/Users/siddiqui/turns-3/IMG/center_2017_08_25_18_32_54_246.jpg,/Users/siddiqui/turns-3/IMG/left_2017_08_25_18_32_54_246.jpg,/Users/siddiqui/turns-3/IMG/right_2017_08_25_18_32_54_246.jpg,-0.003206073,0.4,0,30.03835
/Users/siddiqui/turns-3/IMG/center_2017_08_25_18_32_54_313.jpg,/Users/siddiqui/turns-3/IMG/left_2017_08_25_18_32_54_313.jpg,/Users/siddiqui/turns-3/IMG/right_2017_08_25_18_32_54_313.jpg,0.01429835,0.4,0,30.03819
/Users/siddiqui/turns-3/IMG/center_2017_08_25_18_32_54_381.jpg,/Users/siddiqui/turns-3/IMG/left_2017_08_25_18_32_54_381.jpg,/Users/siddiqui/turns-3/IMG/right_2017_08_25_18_32_54_381.jpg,0.0168411,0.4,0,30.03818
/Users/siddiqui/turns-3/IMG/center_2017_08_25_18_32_54_453.jpg,/Users/siddiqui/turns-3/IMG/left_2017_08_25_18_32_54_453.jpg,/Users/siddiqui/turns-3/IMG/right_2017_08_25_18_32_54_453.jpg,0.02063679,0.4,0,30.03829
/Users/siddiqui/turns-3/IMG/center_2017_08_25_18_32_54_520.jpg,/Users/siddiqui/turns-3/IMG/left_2017_08_25_18_32_54_520.jpg,/Users/siddiqui/turns-3/IMG/right_2017_08_25_18_32_54_520.jpg,0.02063679,0.4,0,30.03831
/Users/siddiqui/turns-3/IMG/center_2017_08_25_18_32_54_591.jpg,/Users/siddiqui/turns-3/IMG/left_2017_08_25_18_32_54_591.jpg,/Users/siddiqui/turns-3/IMG/right_2017_08_25_18_32_54_591.jpg,0.02063679,0.4,0,30.03834
/Users/siddiqui/turns-3/IMG/center_2017_08_25_18_32_54_663.jpg,/Users/siddiqui/turns-3/IMG/left_2017_08_25_18_32_54_663.jpg,/Users/siddiqui/turns-3/IMG/right_2017_08_25_18_32_54_663.jpg,0.02063679,0.4,0,30.03834
/Users/siddiqui/turns-3/IMG/center_2017_08_25_18_32_54_737.jpg,/Users/siddiqui/turns-3/IMG/left_2017_08_25_18_32_54_737.jpg,/Users/siddiqui/turns-3/IMG/right_2017_08_25_18_32_54_737.jpg,0.02056309,0.4,0,30.03834
/Users/siddiqui/turns-3/IMG/center_2017_08_25_18_32_54_804.jpg,/Users/siddiqui/turns-3/IMG/left_2017_08_25_18_32_54_804.jpg,/Users/siddiqui/turns-3/IMG/right_2017_08_25_18_32_54_804.jpg,0.001326651,0.4,0,30.03836
/Users/siddiqui/turns-3/IMG/center_2017_08_25_18_32_54_871.jpg,/Users/siddiqui/turns-3/IMG/left_2017_08_25_18_32_54_871.jpg,/Users/siddiqui/turns-3/IMG/right_2017_08_25_18_32_54_871.jpg,-0.01079747,0.4,0,30.03836
/Users/siddiqui/turns-3/IMG/center_2017_08_25_18_32_54_939.jpg,/Users/siddiqui/turns-3/IMG/left_2017_08_25_18_32_54_939.jpg,/Users/siddiqui/turns-3/IMG/right_2017_08_25_18_32_54_939.jpg,-0.02354806,0.4,0,30.03816
/Users/siddiqui/turns-3/IMG/center_2017_08_25_18_32_55_009.jpg,/Users/siddiqui/turns-3/IMG/left_2017_08_25_18_32_55_009.jpg,/Users/siddiqui/turns-3/IMG/right_2017_08_25_18_32_55_009.jpg,-0.03707252,0.4,0,30.03808
/Users/siddiqui/turns-3/IMG/center_2017_08_25_18_32_55_080.jpg,/Users/siddiqui/turns-3/IMG/left_2017_08_25_18_32_55_080.jpg,/Users/siddiqui/turns-3/IMG/right_2017_08_25_18_32_55_080.jpg,-0.04890183,0.4,0,30.038
/Users/siddiqui/turns-3/IMG/center_2017_08_25_18_32_55_147.jpg,/Users/siddiqui/turns-3/IMG/left_2017_08_25_18_32_55_147.jpg,/Users/siddiqui/turns-3/IMG/right_2017_08_25_18_32_55_147.jpg,-0.0675855,0.4,0,30.03778
/Users/siddiqui/turns-3/IMG/center_2017_08_25_18_32_55_214.jpg,/Users/siddiqui/turns-3/IMG/left_2017_08_25_18_32_55_214.jpg,/Users/siddiqui/turns-3/IMG/right_2017_08_25_18_32_55_214.jpg,-0.06843308,0.4,0,30.03793
/Users/siddiqui/turns-3/IMG/center_2017_08_25_18_32_55_287.jpg,/Users/siddiqui/turns-3/IMG/left_2017_08_25_18_32_55_287.jpg,/Users/siddiqui/turns-3/IMG/right_2017_08_25_18_32_55_287.jpg,-0.08553214,0.4,0,30.03766
/Users/siddiqui/turns-3/IMG/center_2017_08_25_18_32_55_358.jpg,/Users/siddiqui/turns-3/IMG/left_2017_08_25_18_32_55_358.jpg,/Users/siddiqui/turns-3/IMG/right_2017_08_25_18_32_55_358.jpg,-0.09006486,0.4,0,30.03775
/Users/siddiqui/turns-3/IMG/center_2017_08_25_18_32_55_425.jpg,/Users/siddiqui/turns-3/IMG/left_2017_08_25_18_32_55_425.jpg,/Users/siddiqui/turns-3/IMG/right_2017_08_25_18_32_55_425.jpg,-0.09006486,0.4,0,30.03795
/Users/siddiqui/turns-3/IMG/center_2017_08_25_18_32_55_493.jpg,/Users/siddiqui/turns-3/IMG/left_2017_08_25_18_32_55_493.jpg,/Users/siddiqui/turns-3/IMG/right_2017_08_25_18_32_55_493.jpg,-0.0650059,0.4,0,30.03844
/Users/siddiqui/turns-3/IMG/center_2017_08_25_18_32_55_560.jpg,/Users/siddiqui/turns-3/IMG/left_2017_08_25_18_32_55_560.jpg,/Users/siddiqui/turns-3/IMG/right_2017_08_25_18_32_55_560.jpg,-0.05653007,0.4,0,30.03849
/Users/siddiqui/turns-3/IMG/center_2017_08_25_18_32_55_629.jpg,/Users/siddiqui/turns-3/IMG/left_2017_08_25_18_32_55_629.jpg,/Users/siddiqui/turns-3/IMG/right_2017_08_25_18_32_55_629.jpg,-0.03515625,0.4,0,30.03845
/Users/siddiqui/turns-3/IMG/center_2017_08_25_18_32_55_697.jpg,/Users/siddiqui/turns-3/IMG/left_2017_08_25_18_32_55_697.jpg,/Users/siddiqui/turns-3/IMG/right_2017_08_25_18_32_55_697.jpg,-0.03515625,0.4,0,30.03848
/Users/siddiqui/turns-3/IMG/center_2017_08_25_18_32_55_764.jpg,/Users/siddiqui/turns-3/IMG/left_2017_08_25_18_32_55_764.jpg,/Users/siddiqui/turns-3/IMG/right_2017_08_25_18_32_55_764.jpg,-0.05763561,0.4,0,30.03817
/Users/siddiqui/turns-3/IMG/center_2017_08_25_18_32_55_833.jpg,/Users/siddiqui/turns-3/IMG/left_2017_08_25_18_32_55_833.jpg,/Users/siddiqui/turns-3/IMG/right_2017_08_25_18_32_55_833.jpg,-0.0769089,0.4,0,30.03791
/Users/siddiqui/turns-3/IMG/center_2017_08_25_18_32_55_901.jpg,/Users/siddiqui/turns-3/IMG/left_2017_08_25_18_32_55_901.jpg,/Users/siddiqui/turns-3/IMG/right_2017_08_25_18_32_55_901.jpg,-0.1021521,0.4,0,30.0372
/Users/siddiqui/turns-3/IMG/center_2017_08_25_18_32_55_969.jpg,/Users/siddiqui/turns-3/IMG/left_2017_08_25_18_32_55_969.jpg,/Users/siddiqui/turns-3/IMG/right_2017_08_25_18_32_55_969.jpg,-0.1021521,0.4,0,30.03761
/Users/siddiqui/turns-3/IMG/center_2017_08_25_18_32_56_036.jpg,/Users/siddiqui/turns-3/IMG/left_2017_08_25_18_32_56_036.jpg,/Users/siddiqui/turns-3/IMG/right_2017_08_25_18_32_56_036.jpg,-0.1021521,0.4,0,30.03778
/Users/siddiqui/turns-3/IMG/center_2017_08_25_18_32_56_105.jpg,/Users/siddiqui/turns-3/IMG/left_2017_08_25_18_32_56_105.jpg,/Users/siddiqui/turns-3/IMG/right_2017_08_25_18_32_56_105.jpg,-0.1021521,0.4,0,30.03792
/Users/siddiqui/turns-3/IMG/center_2017_08_25_18_32_56_174.jpg,/Users/siddiqui/turns-3/IMG/left_2017_08_25_18_32_56_174.jpg,/Users/siddiqui/turns-3/IMG/right_2017_08_25_18_32_56_174.jpg,-0.08848026,0.4,0,30.03831
/Users/siddiqui/turns-3/IMG/center_2017_08_25_18_32_56_242.jpg,/Users/siddiqui/turns-3/IMG/left_2017_08_25_18_32_56_242.jpg,/Users/siddiqui/turns-3/IMG/right_2017_08_25_18_32_56_242.jpg,-0.07108638,0.4,0,30.03855
/Users/siddiqui/turns-3/IMG/center_2017_08_25_18_32_56_310.jpg,/Users/siddiqui/turns-3/IMG/left_2017_08_25_18_32_56_310.jpg,/Users/siddiqui/turns-3/IMG/right_2017_08_25_18_32_56_310.jpg,-0.06073113,0.4,0,30.03854
/Users/siddiqui/turns-3/IMG/center_2017_08_25_18_32_56_380.jpg,/Users/siddiqui/turns-3/IMG/left_2017_08_25_18_32_56_380.jpg,/Users/siddiqui/turns-3/IMG/right_2017_08_25_18_32_56_380.jpg,-0.0442217,0.4,0,30.03857
/Users/siddiqui/turns-3/IMG/center_2017_08_25_18_32_56_452.jpg,/Users/siddiqui/turns-3/IMG/left_2017_08_25_18_32_56_452.jpg,/Users/siddiqui/turns-3/IMG/right_2017_08_25_18_32_56_452.jpg,-0.04260024,0.4,0,30.03846
/Users/siddiqui/turns-3/IMG/center_2017_08_25_18_32_56_519.jpg,/Users/siddiqui/turns-3/IMG/left_2017_08_25_18_32_56_519.jpg,/Users/siddiqui/turns-3/IMG/right_2017_08_25_18_32_56_519.jpg,-0.04260024,0.4,0,30.03845
/Users/siddiqui/turns-3/IMG/center_2017_08_25_18_32_56_588.jpg,/Users/siddiqui/turns-3/IMG/left_2017_08_25_18_32_56_588.jpg,/Users/siddiqui/turns-3/IMG/right_2017_08_25_18_32_56_588.jpg,-0.0390625,0.4,0,30.03843
/Users/siddiqui/turns-3/IMG/center_2017_08_25_18_32_56_659.jpg,/Users/siddiqui/turns-3/IMG/left_2017_08_25_18_32_56_659.jpg,/Users/siddiqui/turns-3/IMG/right_2017_08_25_18_32_56_659.jpg,-0.0390625,0.4,0,30.03842
/Users/siddiqui/turns-3/IMG/center_2017_08_25_18_32_56_775.jpg,/Users/siddiqui/turns-3/IMG/left_2017_08_25_18_32_56_775.jpg,/Users/siddiqui/turns-3/IMG/right_2017_08_25_18_32_56_775.jpg,-0.0390625,0.4,0,29.49098
/Users/siddiqui/turns-3/IMG/center_2017_08_25_18_33_05_951.jpg,/Users/siddiqui/turns-3/IMG/left_2017_08_25_18_33_05_951.jpg,/Users/siddiqui/turns-3/IMG/right_2017_08_25_18_33_05_951.jpg,-0.04127358,0.4,0,18.3023
/Users/siddiqui/turns-3/IMG/center_2017_08_25_18_33_06_019.jpg,/Users/siddiqui/turns-3/IMG/left_2017_08_25_18_33_06_019.jpg,/Users/siddiqui/turns-3/IMG/right_2017_08_25_18_33_06_019.jpg,-0.03854658,0.4,0,18.8336
/Users/siddiqui/turns-3/IMG/center_2017_08_25_18_33_06_087.jpg,/Users/siddiqui/turns-3/IMG/left_2017_08_25_18_33_06_087.jpg,/Users/siddiqui/turns-3/IMG/right_2017_08_25_18_33_06_087.jpg,-0.01238208,0.4,0,19.06502
/Users/siddiqui/turns-3/IMG/center_2017_08_25_18_33_06_153.jpg,/Users/siddiqui/turns-3/IMG/left_2017_08_25_18_33_06_153.jpg,/Users/siddiqui/turns-3/IMG/right_2017_08_25_18_33_06_153.jpg,-0.01238208,0.4,0,18.92557
/Users/siddiqui/turns-3/IMG/center_2017_08_25_18_33_06_221.jpg,/Users/siddiqui/turns-3/IMG/left_2017_08_25_18_33_06_221.jpg,/Users/siddiqui/turns-3/IMG/right_2017_08_25_18_33_06_221.jpg,-0.01238208,0.4,0,19.40914
/Users/siddiqui/turns-3/IMG/center_2017_08_25_18_33_06_289.jpg,/Users/siddiqui/turns-3/IMG/left_2017_08_25_18_33_06_289.jpg,/Users/siddiqui/turns-3/IMG/right_2017_08_25_18_33_06_289.jpg,-0.01238208,0.4,0,19.63758
/Users/siddiqui/turns-3/IMG/center_2017_08_25_18_33_06_356.jpg,/Users/siddiqui/turns-3/IMG/left_2017_08_25_18_33_06_356.jpg,/Users/siddiqui/turns-3/IMG/right_2017_08_25_18_33_06_356.jpg,-0.01238208,0.4,0,19.52788
/Users/siddiqui/turns-3/IMG/center_2017_08_25_18_33_06_425.jpg,/Users/siddiqui/turns-3/IMG/left_2017_08_25_18_33_06_425.jpg,/Users/siddiqui/turns-3/IMG/right_2017_08_25_18_33_06_425.jpg,-0.01238208,0.4,0,19.76384
/Users/siddiqui/turns-3/IMG/center_2017_08_25_18_33_06_494.jpg,/Users/siddiqui/turns-3/IMG/left_2017_08_25_18_33_06_494.jpg,/Users/siddiqui/turns-3/IMG/right_2017_08_25_18_33_06_494.jpg,-0.01238208,0.4,0,20.20369
/Users/siddiqui/turns-3/IMG/center_2017_08_25_18_33_06_566.jpg,/Users/siddiqui/turns-3/IMG/left_2017_08_25_18_33_06_566.jpg,/Users/siddiqui/turns-3/IMG/right_2017_08_25_18_33_06_566.jpg,-0.009839328,0.4,0,20.42725
/Users/siddiqui/turns-3/IMG/center_2017_08_25_18_33_06_634.jpg,/Users/siddiqui/turns-3/IMG/left_2017_08_25_18_33_06_634.jpg,/Users/siddiqui/turns-3/IMG/right_2017_08_25_18_33_06_634.jpg,-0.009839328,0.4,0,20.34535
/Users/siddiqui/turns-3/IMG/center_2017_08_25_18_33_06_700.jpg,/Users/siddiqui/turns-3/IMG/left_2017_08_25_18_33_06_700.jpg,/Users/siddiqui/turns-3/IMG/right_2017_08_25_18_33_06_700.jpg,-0.009839328,0.4,0,20.75899
/Users/siddiqui/turns-3/IMG/center_2017_08_25_18_33_06_771.jpg,/Users/siddiqui/turns-3/IMG/left_2017_08_25_18_33_06_771.jpg,/Users/siddiqui/turns-3/IMG/right_2017_08_25_18_33_06_771.jpg,-0.009839328,0.4,0,20.97768
/Users/siddiqui/turns-3/IMG/center_2017_08_25_18_33_06_840.jpg,/Users/siddiqui/turns-3/IMG/left_2017_08_25_18_33_06_840.jpg,/Users/siddiqui/turns-3/IMG/right_2017_08_25_18_33_06_840.jpg,-0.009839328,0.4,0,20.91653
/Users/siddiqui/turns-3/IMG/center_2017_08_25_18_33_06_909.jpg,/Users/siddiqui/turns-3/IMG/left_2017_08_25_18_33_06_909.jpg,/Users/siddiqui/turns-3/IMG/right_2017_08_25_18_33_06_909.jpg,-0.009839328,0.4,0,21.14294
/Users/siddiqui/turns-3/IMG/center_2017_08_25_18_33_06_977.jpg,/Users/siddiqui/turns-3/IMG/left_2017_08_25_18_33_06_977.jpg,/Users/siddiqui/turns-3/IMG/right_2017_08_25_18_33_06_977.jpg,-0.009839328,0.4,0,21.51533
/Users/siddiqui/turns-3/IMG/center_2017_08_25_18_33_07_049.jpg,/Users/siddiqui/turns-3/IMG/left_2017_08_25_18_33_07_049.jpg,/Users/siddiqui/turns-3/IMG/right_2017_08_25_18_33_07_049.jpg,-0.009839328,0.4,0,21.72652
/Users/siddiqui/turns-3/IMG/center_2017_08_25_18_33_07_118.jpg,/Users/siddiqui/turns-3/IMG/left_2017_08_25_18_33_07_118.jpg,/Users/siddiqui/turns-3/IMG/right_2017_08_25_18_33_07_118.jpg,-0.009839328,0.4,0,21.70302
/Users/siddiqui/turns-3/IMG/center_2017_08_25_18_33_07_219.jpg,/Users/siddiqui/turns-3/IMG/left_2017_08_25_18_33_07_219.jpg,/Users/siddiqui/turns-3/IMG/right_2017_08_25_18_33_07_219.jpg,-0.009839328,0.4,0,22.14109
/Users/siddiqui/turns-3/IMG/center_2017_08_25_18_33_07_290.jpg,/Users/siddiqui/turns-3/IMG/left_2017_08_25_18_33_07_290.jpg,/Users/siddiqui/turns-3/IMG/right_2017_08_25_18_33_07_290.jpg,-0.009839328,0.4,0,22.34385
/Users/siddiqui/turns-3/IMG/center_2017_08_25_18_33_07_359.jpg,/Users/siddiqui/turns-3/IMG/left_2017_08_25_18_33_07_359.jpg,/Users/siddiqui/turns-3/IMG/right_2017_08_25_18_33_07_359.jpg,-0.009839328,0.4,0,22.37007
/Users/siddiqui/turns-3/IMG/center_2017_08_25_18_33_07_429.jpg,/Users/siddiqui/turns-3/IMG/left_2017_08_25_18_33_07_429.jpg,/Users/siddiqui/turns-3/IMG/right_2017_08_25_18_33_07_429.jpg,-0.009839328,0.4,0,22.59193
/Users/siddiqui/turns-3/IMG/center_2017_08_25_18_33_07_501.jpg,/Users/siddiqui/turns-3/IMG/left_2017_08_25_18_33_07_501.jpg,/Users/siddiqui/turns-3/IMG/right_2017_08_25_18_33_07_501.jpg,-0.009839328,0.4,0,22.83537
/Users/siddiqui/turns-3/IMG/center_2017_08_25_18_33_07_570.jpg,/Users/siddiqui/turns-3/IMG/left_2017_08_25_18_33_07_570.jpg,/Users/siddiqui/turns-3/IMG/right_2017_08_25_18_33_07_570.jpg,-0.009839328,0.4,0,23.02855
/Users/siddiqui/turns-3/IMG/center_2017_08_25_18_33_07_639.jpg,/Users/siddiqui/turns-3/IMG/left_2017_08_25_18_33_07_639.jpg,/Users/siddiqui/turns-3/IMG/right_2017_08_25_18_33_07_639.jpg,-0.009839328,0.4,0,23.13286
/Users/siddiqui/turns-3/IMG/center_2017_08_25_18_33_07_709.jpg,/Users/siddiqui/turns-3/IMG/left_2017_08_25_18_33_07_709.jpg,/Users/siddiqui/turns-3/IMG/right_2017_08_25_18_33_07_709.jpg,-0.009839328,0.4,0,23.34111
/Users/siddiqui/turns-3/IMG/center_2017_08_25_18_33_07_776.jpg,/Users/siddiqui/turns-3/IMG/left_2017_08_25_18_33_07_776.jpg,/Users/siddiqui/turns-3/IMG/right_2017_08_25_18_33_07_776.jpg,-0.009839328,0.4,0,23.51703
/Users/siddiqui/turns-3/IMG/center_2017_08_25_18_33_07_845.jpg,/Users/siddiqui/turns-3/IMG/left_2017_08_25_18_33_07_845.jpg,/Users/siddiqui/turns-3/IMG/right_2017_08_25_18_33_07_845.jpg,-0.009839328,0.4,0,23.71241
/Users/siddiqui/turns-3/IMG/center_2017_08_25_18_33_07_914.jpg,/Users/siddiqui/turns-3/IMG/left_2017_08_25_18_33_07_914.jpg,/Users/siddiqui/turns-3/IMG/right_2017_08_25_18_33_07_914.jpg,-0.009839328,0.4,0,23.84865
/Users/siddiqui/turns-3/IMG/center_2017_08_25_18_33_07_983.jpg,/Users/siddiqui/turns-3/IMG/left_2017_08_25_18_33_07_983.jpg,/Users/siddiqui/turns-3/IMG/right_2017_08_25_18_33_07_983.jpg,-0.009839328,0.4,0,24.00444
/Users/siddiqui/turns-3/IMG/center_2017_08_25_18_33_08_050.jpg,/Users/siddiqui/turns-3/IMG/left_2017_08_25_18_33_08_050.jpg,/Users/siddiqui/turns-3/IMG/right_2017_08_25_18_33_08_050.jpg,-0.009839328,0.4,0,24.19815
/Users/siddiqui/turns-3/IMG/center_2017_08_25_18_33_08_120.jpg,/Users/siddiqui/turns-3/IMG/left_2017_08_25_18_33_08_120.jpg,/Users/siddiqui/turns-3/IMG/right_2017_08_25_18_33_08_120.jpg,-0.009839328,0.4,0,24.34048
/Users/siddiqui/turns-3/IMG/center_2017_08_25_18_33_08_188.jpg,/Users/siddiqui/turns-3/IMG/left_2017_08_25_18_33_08_188.jpg,/Users/siddiqui/turns-3/IMG/right_2017_08_25_18_33_08_188.jpg,-0.02012087,0.4,0,24.5334
/Users/siddiqui/turns-3/IMG/center_2017_08_25_18_33_08_257.jpg,/Users/siddiqui/turns-3/IMG/left_2017_08_25_18_33_08_257.jpg,/Users/siddiqui/turns-3/IMG/right_2017_08_25_18_33_08_257.jpg,-0.02012087,0.4,0,24.6776
/Users/siddiqui/turns-3/IMG/center_2017_08_25_18_33_08_327.jpg,/Users/siddiqui/turns-3/IMG/left_2017_08_25_18_33_08_327.jpg,/Users/siddiqui/turns-3/IMG/right_2017_08_25_18_33_08_327.jpg,-0.01573555,0.4,0,24.86709
/Users/siddiqui/turns-3/IMG/center_2017_08_25_18_33_08_395.jpg,/Users/siddiqui/turns-3/IMG/left_2017_08_25_18_33_08_395.jpg,/Users/siddiqui/turns-3/IMG/right_2017_08_25_18_33_08_395.jpg,-0.00287441,0.4,0,25.00819
/Users/siddiqui/turns-3/IMG/center_2017_08_25_18_33_08_466.jpg,/Users/siddiqui/turns-3/IMG/left_2017_08_25_18_33_08_466.jpg,/Users/siddiqui/turns-3/IMG/right_2017_08_25_18_33_08_466.jpg,0.0006633255,0.4,0,25.19527
/Users/siddiqui/turns-3/IMG/center_2017_08_25_18_33_08_535.jpg,/Users/siddiqui/turns-3/IMG/left_2017_08_25_18_33_08_535.jpg,/Users/siddiqui/turns-3/IMG/right_2017_08_25_18_33_08_535.jpg,0.0006633255,0.4,0,25.33464
/Users/siddiqui/turns-3/IMG/center_2017_08_25_18_33_08_607.jpg,/Users/siddiqui/turns-3/IMG/left_2017_08_25_18_33_08_607.jpg,/Users/siddiqui/turns-3/IMG/right_2017_08_25_18_33_08_607.jpg,0.0006633255,0.4,0,25.51909
/Users/siddiqui/turns-3/IMG/center_2017_08_25_18_33_08_679.jpg,/Users/siddiqui/turns-3/IMG/left_2017_08_25_18_33_08_679.jpg,/Users/siddiqui/turns-3/IMG/right_2017_08_25_18_33_08_679.jpg,0.0006633255,0.4,0,25.65647
/Users/siddiqui/turns-3/IMG/center_2017_08_25_18_33_08_750.jpg,/Users/siddiqui/turns-3/IMG/left_2017_08_25_18_33_08_750.jpg,/Users/siddiqui/turns-3/IMG/right_2017_08_25_18_33_08_750.jpg,0.0006633255,0.4,0,25.83834
/Users/siddiqui/turns-3/IMG/center_2017_08_25_18_33_08_818.jpg,/Users/siddiqui/turns-3/IMG/left_2017_08_25_18_33_08_818.jpg,/Users/siddiqui/turns-3/IMG/right_2017_08_25_18_33_08_818.jpg,0.0006633255,0.4,0,25.97379
/Users/siddiqui/turns-3/IMG/center_2017_08_25_18_33_08_887.jpg,/Users/siddiqui/turns-3/IMG/left_2017_08_25_18_33_08_887.jpg,/Users/siddiqui/turns-3/IMG/right_2017_08_25_18_33_08_887.jpg,0.0006633255,0.4,0,26.15309
/Users/siddiqui/turns-3/IMG/center_2017_08_25_18_33_08_957.jpg,/Users/siddiqui/turns-3/IMG/left_2017_08_25_18_33_08_957.jpg,/Users/siddiqui/turns-3/IMG/right_2017_08_25_18_33_08_957.jpg,0.0006633255,0.4,0,26.28663
/Users/siddiqui/turns-3/IMG/center_2017_08_25_18_33_09_028.jpg,/Users/siddiqui/turns-3/IMG/left_2017_08_25_18_33_09_028.jpg,/Users/siddiqui/turns-3/IMG/right_2017_08_25_18_33_09_028.jpg,-0.002800707,0.4,0,26.46341
/Users/siddiqui/turns-3/IMG/center_2017_08_25_18_33_09_095.jpg,/Users/siddiqui/turns-3/IMG/left_2017_08_25_18_33_09_095.jpg,/Users/siddiqui/turns-3/IMG/right_2017_08_25_18_33_09_095.jpg,-0.00364829,0.4,0,26.59507
/Users/siddiqui/turns-3/IMG/center_2017_08_25_18_33_09_162.jpg,/Users/siddiqui/turns-3/IMG/left_2017_08_25_18_33_09_162.jpg,/Users/siddiqui/turns-3/IMG/right_2017_08_25_18_33_09_162.jpg,-0.00364829,0.4,0,26.72592
/Users/siddiqui/turns-3/IMG/center_2017_08_25_18_33_09_233.jpg,/Users/siddiqui/turns-3/IMG/left_2017_08_25_18_33_09_233.jpg,/Users/siddiqui/turns-3/IMG/right_2017_08_25_18_33_09_233.jpg,-0.01002358,0.4,0,26.89916
/Users/siddiqui/turns-3/IMG/center_2017_08_25_18_33_09_300.jpg,/Users/siddiqui/turns-3/IMG/left_2017_08_25_18_33_09_300.jpg,/Users/siddiqui/turns-3/IMG/right_2017_08_25_18_33_09_300.jpg,-0.02819133,0.4,0,27.0279
/Users/siddiqui/turns-3/IMG/center_2017_08_25_18_33_09_369.jpg,/Users/siddiqui/turns-3/IMG/left_2017_08_25_18_33_09_369.jpg,/Users/siddiqui/turns-3/IMG/right_2017_08_25_18_33_09_369.jpg,-0.06714328,0.4,0,27.19695
/Users/siddiqui/turns-3/IMG/center_2017_08_25_18_33_09_441.jpg,/Users/siddiqui/turns-3/IMG/left_2017_08_25_18_33_09_441.jpg,/Users/siddiqui/turns-3/IMG/right_2017_08_25_18_33_09_441.jpg,-0.09002801,0.4,0,27.32101
/Users/siddiqui/turns-3/IMG/center_2017_08_25_18_33_09_513.jpg,/Users/siddiqui/turns-3/IMG/left_2017_08_25_18_33_09_513.jpg,/Users/siddiqui/turns-3/IMG/right_2017_08_25_18_33_09_513.jpg,-0.09456073,0.4,0,27.48538
/Users/siddiqui/turns-3/IMG/center_2017_08_25_18_33_09_582.jpg,/Users/siddiqui/turns-3/IMG/left_2017_08_25_18_33_09_582.jpg,/Users/siddiqui/turns-3/IMG/right_2017_08_25_18_33_09_582.jpg,-0.09456073,0.4,0,27.60892
/Users/siddiqui/turns-3/IMG/center_2017_08_25_18_33_09_652.jpg,/Users/siddiqui/turns-3/IMG/left_2017_08_25_18_33_09_652.jpg,/Users/siddiqui/turns-3/IMG/right_2017_08_25_18_33_09_652.jpg,-0.09540831,0.4,0,27.77324
/Users/siddiqui/turns-3/IMG/center_2017_08_25_18_33_09_721.jpg,/Users/siddiqui/turns-3/IMG/left_2017_08_25_18_33_09_721.jpg,/Users/siddiqui/turns-3/IMG/right_2017_08_25_18_33_09_721.jpg,-0.07584021,0.4,0,27.89663
/Users/siddiqui/turns-3/IMG/center_2017_08_25_18_33_09_791.jpg,/Users/siddiqui/turns-3/IMG/left_2017_08_25_18_33_09_791.jpg,/Users/siddiqui/turns-3/IMG/right_2017_08_25_18_33_09_791.jpg,-0.04234228,0.4,0,28.06115
/Users/siddiqui/turns-3/IMG/center_2017_08_25_18_33_09_858.jpg,/Users/siddiqui/turns-3/IMG/left_2017_08_25_18_33_09_858.jpg,/Users/siddiqui/turns-3/IMG/right_2017_08_25_18_33_09_858.jpg,-0.04061026,0.4,0,28.11258
/Users/siddiqui/turns-3/IMG/center_2017_08_25_18_33_09_930.jpg,/Users/siddiqui/turns-3/IMG/left_2017_08_25_18_33_09_930.jpg,/Users/siddiqui/turns-3/IMG/right_2017_08_25_18_33_09_930.jpg,-0.04061026,0.4,0,28.11506
/Users/siddiqui/turns-3/IMG/center_2017_08_25_18_33_09_999.jpg,/Users/siddiqui/turns-3/IMG/left_2017_08_25_18_33_09_999.jpg,/Users/siddiqui/turns-3/IMG/right_2017_08_25_18_33_09_999.jpg,-0.02303213,0.4,0,27.90037
/Users/siddiqui/turns-3/IMG/center_2017_08_25_18_33_10_070.jpg,/Users/siddiqui/turns-3/IMG/left_2017_08_25_18_33_10_070.jpg,/Users/siddiqui/turns-3/IMG/right_2017_08_25_18_33_10_070.jpg,-0.02303213,0.4,0,28.53117
/Users/siddiqui/turns-3/IMG/center_2017_08_25_18_33_10_142.jpg,/Users/siddiqui/turns-3/IMG/left_2017_08_25_18_33_10_142.jpg,/Users/siddiqui/turns-3/IMG/right_2017_08_25_18_33_10_142.jpg,-0.02303213,0.4,0,28.54065
/Users/siddiqui/turns-3/IMG/center_2017_08_25_18_33_10_211.jpg,/Users/siddiqui/turns-3/IMG/left_2017_08_25_18_33_10_211.jpg,/Users/siddiqui/turns-3/IMG/right_2017_08_25_18_33_10_211.jpg,-0.02303213,0.4,0,29.05634
/Users/siddiqui/turns-3/IMG/center_2017_08_25_18_33_10_279.jpg,/Users/siddiqui/turns-3/IMG/left_2017_08_25_18_33_10_279.jpg,/Users/siddiqui/turns-3/IMG/right_2017_08_25_18_33_10_279.jpg,-0.02303213,0.4,0,28.88894
/Users/siddiqui/turns-3/IMG/center_2017_08_25_18_33_10_347.jpg,/Users/siddiqui/turns-3/IMG/left_2017_08_25_18_33_10_347.jpg,/Users/siddiqui/turns-3/IMG/right_2017_08_25_18_33_10_347.jpg,-0.02303213,0.4,0,29.1249
/Users/siddiqui/turns-3/IMG/center_2017_08_25_18_33_10_416.jpg,/Users/siddiqui/turns-3/IMG/left_2017_08_25_18_33_10_416.jpg,/Users/siddiqui/turns-3/IMG/right_2017_08_25_18_33_10_416.jpg,-0.01908903,0.4,0,29.24249
/Users/siddiqui/turns-3/IMG/center_2017_08_25_18_33_10_487.jpg,/Users/siddiqui/turns-3/IMG/left_2017_08_25_18_33_10_487.jpg,/Users/siddiqui/turns-3/IMG/right_2017_08_25_18_33_10_487.jpg,-0.01661999,0.4,0,29.39522
/Users/siddiqui/turns-3/IMG/center_2017_08_25_18_33_10_554.jpg,/Users/siddiqui/turns-3/IMG/left_2017_08_25_18_33_10_554.jpg,/Users/siddiqui/turns-3/IMG/right_2017_08_25_18_33_10_554.jpg,-0.01661999,0.4,0,29.5091
/Users/siddiqui/turns-3/IMG/center_2017_08_25_18_33_10_623.jpg,/Users/siddiqui/turns-3/IMG/left_2017_08_25_18_33_10_623.jpg,/Users/siddiqui/turns-3/IMG/right_2017_08_25_18_33_10_623.jpg,-0.01661999,0.4,0,29.65931
/Users/siddiqui/turns-3/IMG/center_2017_08_25_18_33_10_693.jpg,/Users/siddiqui/turns-3/IMG/left_2017_08_25_18_33_10_693.jpg,/Users/siddiqui/turns-3/IMG/right_2017_08_25_18_33_10_693.jpg,-0.01661999,0.4,0,29.77085
/Users/siddiqui/turns-3/IMG/center_2017_08_25_18_33_10_765.jpg,/Users/siddiqui/turns-3/IMG/left_2017_08_25_18_33_10_765.jpg,/Users/siddiqui/turns-3/IMG/right_2017_08_25_18_33_10_765.jpg,-0.009691922,0.4,0,29.91837
/Users/siddiqui/turns-3/IMG/center_2017_08_25_18_33_10_836.jpg,/Users/siddiqui/turns-3/IMG/left_2017_08_25_18_33_10_836.jpg,/Users/siddiqui/turns-3/IMG/right_2017_08_25_18_33_10_836.jpg,-0.007959906,0.4,0,30.02818
/Users/siddiqui/turns-3/IMG/center_2017_08_25_18_33_10_904.jpg,/Users/siddiqui/turns-3/IMG/left_2017_08_25_18_33_10_904.jpg,/Users/siddiqui/turns-3/IMG/right_2017_08_25_18_33_10_904.jpg,-0.007959906,0.4,0,30.03803
/Users/siddiqui/turns-3/IMG/center_2017_08_25_18_33_10_975.jpg,/Users/siddiqui/turns-3/IMG/left_2017_08_25_18_33_10_975.jpg,/Users/siddiqui/turns-3/IMG/right_2017_08_25_18_33_10_975.jpg,-0.002505896,0.4,0,30.03804
/Users/siddiqui/turns-3/IMG/center_2017_08_25_18_33_11_045.jpg,/Users/siddiqui/turns-3/IMG/left_2017_08_25_18_33_11_045.jpg,/Users/siddiqui/turns-3/IMG/right_2017_08_25_18_33_11_045.jpg,0.002579599,0.4,0,30.03802
/Users/siddiqui/turns-3/IMG/center_2017_08_25_18_33_11_114.jpg,/Users/siddiqui/turns-3/IMG/left_2017_08_25_18_33_11_114.jpg,/Users/siddiqui/turns-3/IMG/right_2017_08_25_18_33_11_114.jpg,0.002579599,0.4,0,30.03803
/Users/siddiqui/turns-3/IMG/center_2017_08_25_18_33_11_186.jpg,/Users/siddiqui/turns-3/IMG/left_2017_08_25_18_33_11_186.jpg,/Users/siddiqui/turns-3/IMG/right_2017_08_25_18_33_11_186.jpg,0.01271374,0.4,0,30.03798
/Users/siddiqui/turns-3/IMG/center_2017_08_25_18_33_11_258.jpg,/Users/siddiqui/turns-3/IMG/left_2017_08_25_18_33_11_258.jpg,/Users/siddiqui/turns-3/IMG/right_2017_08_25_18_33_11_258.jpg,0.01514593,0.4,0,30.03799
/Users/siddiqui/turns-3/IMG/center_2017_08_25_18_33_11_328.jpg,/Users/siddiqui/turns-3/IMG/left_2017_08_25_18_33_11_328.jpg,/Users/siddiqui/turns-3/IMG/right_2017_08_25_18_33_11_328.jpg,0.02487471,0.4,0,30.03792
/Users/siddiqui/turns-3/IMG/center_2017_08_25_18_33_11_396.jpg,/Users/siddiqui/turns-3/IMG/left_2017_08_25_18_33_11_396.jpg,/Users/siddiqui/turns-3/IMG/right_2017_08_25_18_33_11_396.jpg,0.02487471,0.4,0,30.03797
/Users/siddiqui/turns-3/IMG/center_2017_08_25_18_33_11_464.jpg,/Users/siddiqui/turns-3/IMG/left_2017_08_25_18_33_11_464.jpg,/Users/siddiqui/turns-3/IMG/right_2017_08_25_18_33_11_464.jpg,0.02487471,0.4,0,30.03797
/Users/siddiqui/turns-3/IMG/center_2017_08_25_18_33_11_536.jpg,/Users/siddiqui/turns-3/IMG/left_2017_08_25_18_33_11_536.jpg,/Users/siddiqui/turns-3/IMG/right_2017_08_25_18_33_11_536.jpg,0.02048939,0.4,0,30.03801
/Users/siddiqui/turns-3/IMG/center_2017_08_25_18_33_11_610.jpg,/Users/siddiqui/turns-3/IMG/left_2017_08_25_18_33_11_610.jpg,/Users/siddiqui/turns-3/IMG/right_2017_08_25_18_33_11_610.jpg,0.01065006,0.4,0,30.03803
/Users/siddiqui/turns-3/IMG/center_2017_08_25_18_33_11_683.jpg,/Users/siddiqui/turns-3/IMG/left_2017_08_25_18_33_11_683.jpg,/Users/siddiqui/turns-3/IMG/right_2017_08_25_18_33_11_683.jpg,0.006412146,0.4,0,30.03803
/Users/siddiqui/turns-3/IMG/center_2017_08_25_18_33_11_751.jpg,/Users/siddiqui/turns-3/IMG/left_2017_08_25_18_33_11_751.jpg,/Users/siddiqui/turns-3/IMG/right_2017_08_25_18_33_11_751.jpg,-0.001437205,0.4,0,30.03801
/Users/siddiqui/turns-3/IMG/center_2017_08_25_18_33_11_823.jpg,/Users/siddiqui/turns-3/IMG/left_2017_08_25_18_33_11_823.jpg,/Users/siddiqui/turns-3/IMG/right_2017_08_25_18_33_11_823.jpg,-0.004901238,0.4,0,30.03801
/Users/siddiqui/turns-3/IMG/center_2017_08_25_18_33_11_895.jpg,/Users/siddiqui/turns-3/IMG/left_2017_08_25_18_33_11_895.jpg,/Users/siddiqui/turns-3/IMG/right_2017_08_25_18_33_11_895.jpg,-0.004901238,0.4,0,30.03801
/Users/siddiqui/turns-3/IMG/center_2017_08_25_18_33_11_964.jpg,/Users/siddiqui/turns-3/IMG/left_2017_08_25_18_33_11_964.jpg,/Users/siddiqui/turns-3/IMG/right_2017_08_25_18_33_11_964.jpg,-0.006670106,0.4,0,30.03801
/Users/siddiqui/turns-3/IMG/center_2017_08_25_18_33_12_035.jpg,/Users/siddiqui/turns-3/IMG/left_2017_08_25_18_33_12_035.jpg,/Users/siddiqui/turns-3/IMG/right_2017_08_25_18_33_12_035.jpg,-0.006670106,0.4,0,30.03802
/Users/siddiqui/turns-3/IMG/center_2017_08_25_18_33_12_105.jpg,/Users/siddiqui/turns-3/IMG/left_2017_08_25_18_33_12_105.jpg,/Users/siddiqui/turns-3/IMG/right_2017_08_25_18_33_12_105.jpg,0.005122347,0.4,0,30.038
/Users/siddiqui/turns-3/IMG/center_2017_08_25_18_33_12_176.jpg,/Users/siddiqui/turns-3/IMG/left_2017_08_25_18_33_12_176.jpg,/Users/siddiqui/turns-3/IMG/right_2017_08_25_18_33_12_176.jpg,0.005122347,0.4,0,30.03801
/Users/siddiqui/turns-3/IMG/center_2017_08_25_18_33_12_245.jpg,/Users/siddiqui/turns-3/IMG/left_2017_08_25_18_33_12_245.jpg,/Users/siddiqui/turns-3/IMG/right_2017_08_25_18_33_12_245.jpg,0.005122347,0.4,0,30.03801
/Users/siddiqui/turns-3/IMG/center_2017_08_25_18_33_12_335.jpg,/Users/siddiqui/turns-3/IMG/left_2017_08_25_18_33_12_335.jpg,/Users/siddiqui/turns-3/IMG/right_2017_08_25_18_33_12_335.jpg,0.005122347,0.4,0,30.03801
/Users/siddiqui/turns-3/IMG/center_2017_08_25_18_33_12_409.jpg,/Users/siddiqui/turns-3/IMG/left_2017_08_25_18_33_12_409.jpg,/Users/siddiqui/turns-3/IMG/right_2017_08_25_18_33_12_409.jpg,0.005122347,0.4,0,30.03801
/Users/siddiqui/turns-3/IMG/center_2017_08_25_18_33_12_476.jpg,/Users/siddiqui/turns-3/IMG/left_2017_08_25_18_33_12_476.jpg,/Users/siddiqui/turns-3/IMG/right_2017_08_25_18_33_12_476.jpg,0.005122347,0.4,0,30.03801
/Users/siddiqui/turns-3/IMG/center_2017_08_25_18_33_12_546.jpg,/Users/siddiqui/turns-3/IMG/left_2017_08_25_18_33_12_546.jpg,/Users/siddiqui/turns-3/IMG/right_2017_08_25_18_33_12_546.jpg,0.005122347,0.4,0,30.038
/Users/siddiqui/turns-3/IMG/center_2017_08_25_18_33_12_613.jpg,/Users/siddiqui/turns-3/IMG/left_2017_08_25_18_33_12_613.jpg,/Users/siddiqui/turns-3/IMG/right_2017_08_25_18_33_12_613.jpg,-0.009212853,0.4,0,30.03799
/Users/siddiqui/turns-3/IMG/center_2017_08_25_18_33_12_686.jpg,/Users/siddiqui/turns-3/IMG/left_2017_08_25_18_33_12_686.jpg,/Users/siddiqui/turns-3/IMG/right_2017_08_25_18_33_12_686.jpg,-0.01374558,0.4,0,30.03798
/Users/siddiqui/turns-3/IMG/center_2017_08_25_18_33_12_757.jpg,/Users/siddiqui/turns-3/IMG/left_2017_08_25_18_33_12_757.jpg,/Users/siddiqui/turns-3/IMG/right_2017_08_25_18_33_12_757.jpg,-0.01997347,0.4,0,30.03794
/Users/siddiqui/turns-3/IMG/center_2017_08_25_18_33_12_829.jpg,/Users/siddiqui/turns-3/IMG/left_2017_08_25_18_33_12_829.jpg,/Users/siddiqui/turns-3/IMG/right_2017_08_25_18_33_12_829.jpg,-0.01997347,0.4,0,30.03798
/Users/siddiqui/turns-3/IMG/center_2017_08_25_18_33_12_904.jpg,/Users/siddiqui/turns-3/IMG/left_2017_08_25_18_33_12_904.jpg,/Users/siddiqui/turns-3/IMG/right_2017_08_25_18_33_12_904.jpg,-0.01754127,0.4,0,30.038
/Users/siddiqui/turns-3/IMG/center_2017_08_25_18_33_12_972.jpg,/Users/siddiqui/turns-3/IMG/left_2017_08_25_18_33_12_972.jpg,/Users/siddiqui/turns-3/IMG/right_2017_08_25_18_33_12_972.jpg,-0.0116082,0.4,0,30.03803
/Users/siddiqui/turns-3/IMG/center_2017_08_25_18_33_13_040.jpg,/Users/siddiqui/turns-3/IMG/left_2017_08_25_18_33_13_040.jpg,/Users/siddiqui/turns-3/IMG/right_2017_08_25_18_33_13_040.jpg,-0.00571197,0.4,0,30.03803
/Users/siddiqui/turns-3/IMG/center_2017_08_25_18_33_13_107.jpg,/Users/siddiqui/turns-3/IMG/left_2017_08_25_18_33_13_107.jpg,/Users/siddiqui/turns-3/IMG/right_2017_08_25_18_33_13_107.jpg,-0.002358491,0.4,0,30.03802
/Users/siddiqui/turns-3/IMG/center_2017_08_25_18_33_13_177.jpg,/Users/siddiqui/turns-3/IMG/left_2017_08_25_18_33_13_177.jpg,/Users/siddiqui/turns-3/IMG/right_2017_08_25_18_33_13_177.jpg,-0.002358491,0.4,0,30.03803
/Users/siddiqui/turns-3/IMG/center_2017_08_25_18_33_13_250.jpg,/Users/siddiqui/turns-3/IMG/left_2017_08_25_18_33_13_250.jpg,/Users/siddiqui/turns-3/IMG/right_2017_08_25_18_33_13_250.jpg,-0.002358491,0.4,0,30.03804
/Users/siddiqui/turns-3/IMG/center_2017_08_25_18_33_13_321.jpg,/Users/siddiqui/turns-3/IMG/left_2017_08_25_18_33_13_321.jpg,/Users/siddiqui/turns-3/IMG/right_2017_08_25_18_33_13_321.jpg,0.006264741,0.4,0,30.038
/Users/siddiqui/turns-3/IMG/center_2017_08_25_18_33_13_396.jpg,/Users/siddiqui/turns-3/IMG/left_2017_08_25_18_33_13_396.jpg,/Users/siddiqui/turns-3/IMG/right_2017_08_25_18_33_13_396.jpg,0.006264741,0.4,0,30.03802
/Users/siddiqui/turns-3/IMG/center_2017_08_25_18_33_13_464.jpg,/Users/siddiqui/turns-3/IMG/left_2017_08_25_18_33_13_464.jpg,/Users/siddiqui/turns-3/IMG/right_2017_08_25_18_33_13_464.jpg,0.006264741,0.4,0,30.03802
/Users/siddiqui/turns-3/IMG/center_2017_08_25_18_33_13_532.jpg,/Users/siddiqui/turns-3/IMG/left_2017_08_25_18_33_13_532.jpg,/Users/siddiqui/turns-3/IMG/right_2017_08_25_18_33_13_532.jpg,0.006264741,0.4,0,30.03802
/Users/siddiqui/turns-3/IMG/center_2017_08_25_18_33_13_602.jpg,/Users/siddiqui/turns-3/IMG/left_2017_08_25_18_33_13_602.jpg,/Users/siddiqui/turns-3/IMG/right_2017_08_25_18_33_13_602.jpg,0.006264741,0.4,0,30.03803
/Users/siddiqui/turns-3/IMG/center_2017_08_25_18_33_13_675.jpg,/Users/siddiqui/turns-3/IMG/left_2017_08_25_18_33_13_675.jpg,/Users/siddiqui/turns-3/IMG/right_2017_08_25_18_33_13_675.jpg,0.006264741,0.4,0,30.03802
/Users/siddiqui/turns-3/IMG/center_2017_08_25_18_33_13_743.jpg,/Users/siddiqui/turns-3/IMG/left_2017_08_25_18_33_13_743.jpg,/Users/siddiqui/turns-3/IMG/right_2017_08_25_18_33_13_743.jpg,0.006264741,0.4,0,30.03802
/Users/siddiqui/turns-3/IMG/center_2017_08_25_18_33_13_812.jpg,/Users/siddiqui/turns-3/IMG/left_2017_08_25_18_33_13_812.jpg,/Users/siddiqui/turns-3/IMG/right_2017_08_25_18_33_13_812.jpg,0.006264741,0.4,0,30.038
/Users/siddiqui/turns-3/IMG/center_2017_08_25_18_33_13_880.jpg,/Users/siddiqui/turns-3/IMG/left_2017_08_25_18_33_13_880.jpg,/Users/siddiqui/turns-3/IMG/right_2017_08_25_18_33_13_880.jpg,0.006264741,0.4,0,30.03802
/Users/siddiqui/turns-3/IMG/center_2017_08_25_18_33_13_950.jpg,/Users/siddiqui/turns-3/IMG/left_2017_08_25_18_33_13_950.jpg,/Users/siddiqui/turns-3/IMG/right_2017_08_25_18_33_13_950.jpg,0.006264741,0.4,0,30.03802
/Users/siddiqui/turns-3/IMG/center_2017_08_25_18_33_14_018.jpg,/Users/siddiqui/turns-3/IMG/left_2017_08_25_18_33_14_018.jpg,/Users/siddiqui/turns-3/IMG/right_2017_08_25_18_33_14_018.jpg,0.006264741,0.4,0,30.03802
/Users/siddiqui/turns-3/IMG/center_2017_08_25_18_33_14_086.jpg,/Users/siddiqui/turns-3/IMG/left_2017_08_25_18_33_14_086.jpg,/Users/siddiqui/turns-3/IMG/right_2017_08_25_18_33_14_086.jpg,0.006264741,0.4,0,30.03802
/Users/siddiqui/turns-3/IMG/center_2017_08_25_18_33_14_156.jpg,/Users/siddiqui/turns-3/IMG/left_2017_08_25_18_33_14_156.jpg,/Users/siddiqui/turns-3/IMG/right_2017_08_25_18_33_14_156.jpg,0.006264741,0.4,0,30.038
/Users/siddiqui/turns-3/IMG/center_2017_08_25_18_33_14_225.jpg,/Users/siddiqui/turns-3/IMG/left_2017_08_25_18_33_14_225.jpg,/Users/siddiqui/turns-3/IMG/right_2017_08_25_18_33_14_225.jpg,0.006264741,0.4,0,30.03801
/Users/siddiqui/turns-3/IMG/center_2017_08_25_18_33_14_292.jpg,/Users/siddiqui/turns-3/IMG/left_2017_08_25_18_33_14_292.jpg,/Users/siddiqui/turns-3/IMG/right_2017_08_25_18_33_14_292.jpg,0.006264741,0.4,0,30.03802
/Users/siddiqui/turns-3/IMG/center_2017_08_25_18_33_14_362.jpg,/Users/siddiqui/turns-3/IMG/left_2017_08_25_18_33_14_362.jpg,/Users/siddiqui/turns-3/IMG/right_2017_08_25_18_33_14_362.jpg,0.006264741,0.4,0,30.03802
/Users/siddiqui/turns-3/IMG/center_2017_08_25_18_33_14_433.jpg,/Users/siddiqui/turns-3/IMG/left_2017_08_25_18_33_14_433.jpg,/Users/siddiqui/turns-3/IMG/right_2017_08_25_18_33_14_433.jpg,0.006264741,0.4,0,30.03802
/Users/siddiqui/turns-3/IMG/center_2017_08_25_18_33_14_502.jpg,/Users/siddiqui/turns-3/IMG/left_2017_08_25_18_33_14_502.jpg,/Users/siddiqui/turns-3/IMG/right_2017_08_25_18_33_14_502.jpg,0.006264741,0.4,0,30.03801
/Users/siddiqui/turns-3/IMG/center_2017_08_25_18_33_14_569.jpg,/Users/siddiqui/turns-3/IMG/left_2017_08_25_18_33_14_569.jpg,/Users/siddiqui/turns-3/IMG/right_2017_08_25_18_33_14_569.jpg,0.004569576,0.4,0,30.03801
/Users/siddiqui/turns-3/IMG/center_2017_08_25_18_33_14_643.jpg,/Users/siddiqui/turns-3/IMG/left_2017_08_25_18_33_14_643.jpg,/Users/siddiqui/turns-3/IMG/right_2017_08_25_18_33_14_643.jpg,0.004569576,0.4,0,30.038
/Users/siddiqui/turns-3/IMG/center_2017_08_25_18_33_14_717.jpg,/Users/siddiqui/turns-3/IMG/left_2017_08_25_18_33_14_717.jpg,/Users/siddiqui/turns-3/IMG/right_2017_08_25_18_33_14_717.jpg,0.004569576,0.4,0,30.03801
/Users/siddiqui/turns-3/IMG/center_2017_08_25_18_33_14_787.jpg,/Users/siddiqui/turns-3/IMG/left_2017_08_25_18_33_14_787.jpg,/Users/siddiqui/turns-3/IMG/right_2017_08_25_18_33_14_787.jpg,-0.001879422,0.4,0,30.03801
/Users/siddiqui/turns-3/IMG/center_2017_08_25_18_33_14_858.jpg,/Users/siddiqui/turns-3/IMG/left_2017_08_25_18_33_14_858.jpg,/Users/siddiqui/turns-3/IMG/right_2017_08_25_18_33_14_858.jpg,-0.003574587,0.4,0,30.038
/Users/siddiqui/turns-3/IMG/center_2017_08_25_18_33_14_930.jpg,/Users/siddiqui/turns-3/IMG/left_2017_08_25_18_33_14_930.jpg,/Users/siddiqui/turns-3/IMG/right_2017_08_25_18_33_14_930.jpg,-0.003574587,0.4,0,30.03801
/Users/siddiqui/turns-3/IMG/center_2017_08_25_18_33_14_999.jpg,/Users/siddiqui/turns-3/IMG/left_2017_08_25_18_33_14_999.jpg,/Users/siddiqui/turns-3/IMG/right_2017_08_25_18_33_14_999.jpg,-0.003574587,0.4,0,30.03801
/Users/siddiqui/turns-3/IMG/center_2017_08_25_18_33_15_067.jpg,/Users/siddiqui/turns-3/IMG/left_2017_08_25_18_33_15_067.jpg,/Users/siddiqui/turns-3/IMG/right_2017_08_25_18_33_15_067.jpg,0.004053656,0.4,0,30.03799
/Users/siddiqui/turns-3/IMG/center_2017_08_25_18_33_15_137.jpg,/Users/siddiqui/turns-3/IMG/left_2017_08_25_18_33_15_137.jpg,/Users/siddiqui/turns-3/IMG/right_2017_08_25_18_33_15_137.jpg,0.004864387,0.4,0,30.03799
/Users/siddiqui/turns-3/IMG/center_2017_08_25_18_33_15_210.jpg,/Users/siddiqui/turns-3/IMG/left_2017_08_25_18_33_15_210.jpg,/Users/siddiqui/turns-3/IMG/right_2017_08_25_18_33_15_210.jpg,0.004864387,0.4,0,30.038
/Users/siddiqui/turns-3/IMG/center_2017_08_25_18_33_15_277.jpg,/Users/siddiqui/turns-3/IMG/left_2017_08_25_18_33_15_277.jpg,/Users/siddiqui/turns-3/IMG/right_2017_08_25_18_33_15_277.jpg,0.004864387,0.4,0,30.03799
/Users/siddiqui/turns-3/IMG/center_2017_08_25_18_33_15_348.jpg,/Users/siddiqui/turns-3/IMG/left_2017_08_25_18_33_15_348.jpg,/Users/siddiqui/turns-3/IMG/right_2017_08_25_18_33_15_348.jpg,0.004864387,0.4,0,30.038
/Users/siddiqui/turns-3/IMG/center_2017_08_25_18_33_15_419.jpg,/Users/siddiqui/turns-3/IMG/left_2017_08_25_18_33_15_419.jpg,/Users/siddiqui/turns-3/IMG/right_2017_08_25_18_33_15_419.jpg,0.004864387,0.4,0,30.03801
/Users/siddiqui/turns-3/IMG/center_2017_08_25_18_33_15_491.jpg,/Users/siddiqui/turns-3/IMG/left_2017_08_25_18_33_15_491.jpg,/Users/siddiqui/turns-3/IMG/right_2017_08_25_18_33_15_491.jpg,0.004864387,0.4,0,30.038
/Users/siddiqui/turns-3/IMG/center_2017_08_25_18_33_15_562.jpg,/Users/siddiqui/turns-3/IMG/left_2017_08_25_18_33_15_562.jpg,/Users/siddiqui/turns-3/IMG/right_2017_08_25_18_33_15_562.jpg,-0.0004790684,0.4,0,30.038
/Users/siddiqui/turns-3/IMG/center_2017_08_25_18_33_15_633.jpg,/Users/siddiqui/turns-3/IMG/left_2017_08_25_18_33_15_633.jpg,/Users/siddiqui/turns-3/IMG/right_2017_08_25_18_33_15_633.jpg,-0.008254717,0.4,0,30.03799
/Users/siddiqui/turns-3/IMG/center_2017_08_25_18_33_15_706.jpg,/Users/siddiqui/turns-3/IMG/left_2017_08_25_18_33_15_706.jpg,/Users/siddiqui/turns-3/IMG/right_2017_08_25_18_33_15_706.jpg,-0.01993662,0.4,0,30.03792
/Users/siddiqui/turns-3/IMG/center_2017_08_25_18_33_15_775.jpg,/Users/siddiqui/turns-3/IMG/left_2017_08_25_18_33_15_775.jpg,/Users/siddiqui/turns-3/IMG/right_2017_08_25_18_33_15_775.jpg,-0.02531692,0.4,0,30.0379
/Users/siddiqui/turns-3/IMG/center_2017_08_25_18_33_15_848.jpg,/Users/siddiqui/turns-3/IMG/left_2017_08_25_18_33_15_848.jpg,/Users/siddiqui/turns-3/IMG/right_2017_08_25_18_33_15_848.jpg,-0.02531692,0.4,0,30.03794
/Users/siddiqui/turns-3/IMG/center_2017_08_25_18_33_15_918.jpg,/Users/siddiqui/turns-3/IMG/left_2017_08_25_18_33_15_918.jpg,/Users/siddiqui/turns-3/IMG/right_2017_08_25_18_33_15_918.jpg,-0.02531692,0.4,0,30.03798
/Users/siddiqui/turns-3/IMG/center_2017_08_25_18_33_15_992.jpg,/Users/siddiqui/turns-3/IMG/left_2017_08_25_18_33_15_992.jpg,/Users/siddiqui/turns-3/IMG/right_2017_08_25_18_33_15_992.jpg,-0.01525649,0.4,0,30.03802
/Users/siddiqui/turns-3/IMG/center_2017_08_25_18_33_16_065.jpg,/Users/siddiqui/turns-3/IMG/left_2017_08_25_18_33_16_065.jpg,/Users/siddiqui/turns-3/IMG/right_2017_08_25_18_33_16_065.jpg,-0.01201356,0.4,0,30.03802
/Users/siddiqui/turns-3/IMG/center_2017_08_25_18_33_16_133.jpg,/Users/siddiqui/turns-3/IMG/left_2017_08_25_18_33_16_133.jpg,/Users/siddiqui/turns-3/IMG/right_2017_08_25_18_33_16_133.jpg,-0.01201356,0.4,0,30.03802
/Users/siddiqui/turns-3/IMG/center_2017_08_25_18_33_16_201.jpg,/Users/siddiqui/turns-3/IMG/left_2017_08_25_18_33_16_201.jpg,/Users/siddiqui/turns-3/IMG/right_2017_08_25_18_33_16_201.jpg,-0.01201356,0.4,0,30.03802
/Users/siddiqui/turns-3/IMG/center_2017_08_25_18_33_16_275.jpg,/Users/siddiqui/turns-3/IMG/left_2017_08_25_18_33_16_275.jpg,/Users/siddiqui/turns-3/IMG/right_2017_08_25_18_33_16_275.jpg,-0.01654628,0.4,0,30.03802
/Users/siddiqui/turns-3/IMG/center_2017_08_25_18_33_16_345.jpg,/Users/siddiqui/turns-3/IMG/left_2017_08_25_18_33_16_345.jpg,/Users/siddiqui/turns-3/IMG/right_2017_08_25_18_33_16_345.jpg,-0.02999705,0.4,0,30.03794
/Users/siddiqui/turns-3/IMG/center_2017_08_25_18_33_16_414.jpg,/Users/siddiqui/turns-3/IMG/left_2017_08_25_18_33_16_414.jpg,/Users/siddiqui/turns-3/IMG/right_2017_08_25_18_33_16_414.jpg,-0.0326135,0.4,0,30.03795
/Users/siddiqui/turns-3/IMG/center_2017_08_25_18_33_16_483.jpg,/Users/siddiqui/turns-3/IMG/left_2017_08_25_18_33_16_483.jpg,/Users/siddiqui/turns-3/IMG/right_2017_08_25_18_33_16_483.jpg,-0.04061026,0.4,0,30.03788
/Users/siddiqui/turns-3/IMG/center_2017_08_25_18_33_16_552.jpg,/Users/siddiqui/turns-3/IMG/left_2017_08_25_18_33_16_552.jpg,/Users/siddiqui/turns-3/IMG/right_2017_08_25_18_33_16_552.jpg,-0.04061026,0.4,0,30.03794
/Users/siddiqui/turns-3/IMG/center_2017_08_25_18_33_16_626.jpg,/Users/siddiqui/turns-3/IMG/left_2017_08_25_18_33_16_626.jpg,/Users/siddiqui/turns-3/IMG/right_2017_08_25_18_33_16_626.jpg,-0.03976268,0.4,0,30.03799
/Users/siddiqui/turns-3/IMG/center_2017_08_25_18_33_16_698.jpg,/Users/siddiqui/turns-3/IMG/left_2017_08_25_18_33_16_698.jpg,/Users/siddiqui/turns-3/IMG/right_2017_08_25_18_33_16_698.jpg,-0.03545106,0.4,0,30.03806
/Users/siddiqui/turns-3/IMG/center_2017_08_25_18_33_16_768.jpg,/Users/siddiqui/turns-3/IMG/left_2017_08_25_18_33_16_768.jpg,/Users/siddiqui/turns-3/IMG/right_2017_08_25_18_33_16_768.jpg,-0.03464033,0.4,0,30.03807
/Users/siddiqui/turns-3/IMG/center_2017_08_25_18_33_16_838.jpg,/Users/siddiqui/turns-3/IMG/left_2017_08_25_18_33_16_838.jpg,/Users/siddiqui/turns-3/IMG/right_2017_08_25_18_33_16_838.jpg,-0.03464033,0.4,0,30.03806
/Users/siddiqui/turns-3/IMG/center_2017_08_25_18_33_16_907.jpg,/Users/siddiqui/turns-3/IMG/left_2017_08_25_18_33_16_907.jpg,/Users/siddiqui/turns-3/IMG/right_2017_08_25_18_33_16_907.jpg,-0.03464033,0.4,0,30.03808
/Users/siddiqui/turns-3/IMG/center_2017_08_25_18_33_16_980.jpg,/Users/siddiqui/turns-3/IMG/left_2017_08_25_18_33_16_980.jpg,/Users/siddiqui/turns-3/IMG/right_2017_08_25_18_33_16_980.jpg,-0.03464033,0.4,0,30.03808
/Users/siddiqui/turns-3/IMG/center_2017_08_25_18_33_17_055.jpg,/Users/siddiqui/turns-3/IMG/left_2017_08_25_18_33_17_055.jpg,/Users/siddiqui/turns-3/IMG/right_2017_08_25_18_33_17_055.jpg,-0.02148438,0.4,0,30.03813
/Users/siddiqui/turns-3/IMG/center_2017_08_25_18_33_17_130.jpg,/Users/siddiqui/turns-3/IMG/left_2017_08_25_18_33_17_130.jpg,/Users/siddiqui/turns-3/IMG/right_2017_08_25_18_33_17_130.jpg,-0.02148438,0.4,0,30.03814
/Users/siddiqui/turns-3/IMG/center_2017_08_25_18_33_17_197.jpg,/Users/siddiqui/turns-3/IMG/left_2017_08_25_18_33_17_197.jpg,/Users/siddiqui/turns-3/IMG/right_2017_08_25_18_33_17_197.jpg,-0.02148438,0.4,0,30.03813
/Users/siddiqui/turns-3/IMG/center_2017_08_25_18_33_17_264.jpg,/Users/siddiqui/turns-3/IMG/left_2017_08_25_18_33_17_264.jpg,/Users/siddiqui/turns-3/IMG/right_2017_08_25_18_33_17_264.jpg,-0.02148438,0.4,0,30.03814
/Users/siddiqui/turns-3/IMG/center_2017_08_25_18_33_17_332.jpg,/Users/siddiqui/turns-3/IMG/left_2017_08_25_18_33_17_332.jpg,/Users/siddiqui/turns-3/IMG/right_2017_08_25_18_33_17_332.jpg,-0.003795695,0.4,0,30.03813
/Users/siddiqui/turns-3/IMG/center_2017_08_25_18_33_17_404.jpg,/Users/siddiqui/turns-3/IMG/left_2017_08_25_18_33_17_404.jpg,/Users/siddiqui/turns-3/IMG/right_2017_08_25_18_33_17_404.jpg,0.002542748,0.4,0,30.03811
/Users/siddiqui/turns-3/IMG/center_2017_08_25_18_33_17_479.jpg,/Users/siddiqui/turns-3/IMG/left_2017_08_25_18_33_17_479.jpg,/Users/siddiqui/turns-3/IMG/right_2017_08_25_18_33_17_479.jpg,0.002542748,0.4,0,30.03813
/Users/siddiqui/turns-3/IMG/center_2017_08_25_18_33_17_546.jpg,/Users/siddiqui/turns-3/IMG/left_2017_08_25_18_33_17_546.jpg,/Users/siddiqui/turns-3/IMG/right_2017_08_25_18_33_17_546.jpg,0.002542748,0.4,0,30.03813
/Users/siddiqui/turns-3/IMG/center_2017_08_25_18_33_17_614.jpg,/Users/siddiqui/turns-3/IMG/left_2017_08_25_18_33_17_614.jpg,/Users/siddiqui/turns-3/IMG/right_2017_08_25_18_33_17_614.jpg,0.002542748,0.4,0,30.03813
/Users/siddiqui/turns-3/IMG/center_2017_08_25_18_33_17_682.jpg,/Users/siddiqui/turns-3/IMG/left_2017_08_25_18_33_17_682.jpg,/Users/siddiqui/turns-3/IMG/right_2017_08_25_18_33_17_682.jpg,0.002542748,0.4,0,30.03814
/Users/siddiqui/turns-3/IMG/center_2017_08_25_18_33_17_765.jpg,/Users/siddiqui/turns-3/IMG/left_2017_08_25_18_33_17_765.jpg,/Users/siddiqui/turns-3/IMG/right_2017_08_25_18_33_17_765.jpg,0.002542748,0.4,0,29.89255
